{"type":"FeatureCollection","name":"NYC_libraries","crs":{"type":"name","properties":{"name":"urn:ogc:def:crs:OGC:1.3:CRS84"}},"features":[{"type":"Feature","properties":{"facname":"NEW DORP LIBRARY","addressnum":"309","streetname":"NEW DORP LANE","address":"309 NEW DORP LANE","city":"STATEN ISLAND","zipcode":"10306","factype":"PUBLIC LIBRARY","facsubgrp":"PUBLIC LIBRARIES","facgroup":"LIBRARIES","facdomain":"LIBRARIES AND CULTURAL PROGRAMS","servarea":"Local","opname":"New York Public Library","opabbrev":"NYPL","optype":"Public","overagency":"New York Public Library","overabbrev":"NYPL","overlevel":"City","capacity":0,"captype":null,"boro":"STATEN ISLAND","bin":5052750,"bbl":5036430005,"latitude":40.5719398183,"longitude":-74.1119584585,"xcoord":953146.443403,"ycoord":147669.4277,"cd":502,"nta2010":"SI45","nta2020":"SI0202","council":50,"ct2010":"012200","ct2020":"012200","borocode":5,"schooldist":"31","policeprct":122,"datasource":"nypl_libraries","uid":"58c05b67e09aa179a858bc7301551203","count":1},"geometry":{"type":"Point","coordinates":[-74.111958,40.57194]}},{"type":"Feature","properties":{"facname":"STEPHEN A. SCHWARZMAN BUILDING","addressnum":null,"streetname":null,"address":null,"city":"NEW YORK","zipcode":"10017","factype":"PUBLIC LIBRARY","facsubgrp":"PUBLIC LIBRARIES","facgroup":"LIBRARIES","facdomain":"LIBRARIES AND CULTURAL PROGRAMS","servarea":"Local","opname":"New York Public Library","opabbrev":"NYPL","optype":"Public","overagency":"New York Public Library","overabbrev":"NYPL","overlevel":"City","capacity":0,"captype":null,"boro":"MANHATTAN","bin":0,"bbl":0,"latitude":40.7534887,"longitude":-73.9808774,"xcoord":989548.076147,"ycoord":213793.511037,"cd":105,"nta2010":"MN17","nta2020":"MN0502","council":4,"ct2010":"009400","ct2020":"009400","borocode":1,"schooldist":"02","policeprct":14,"datasource":"nypl_libraries","uid":"6323997ff723f6eea1fac65bd0994d7f","count":1},"geometry":{"type":"Point","coordinates":[-73.980877,40.753489]}},{"type":"Feature","properties":{"facname":"LEONARD LIBRARY","addressnum":null,"streetname":null,"address":null,"city":"BROOKLYN","zipcode":"11211","factype":"PUBLIC LIBRARY","facsubgrp":"PUBLIC LIBRARIES","facgroup":"LIBRARIES","facdomain":"LIBRARIES AND CULTURAL PROGRAMS","servarea":"Local","opname":"Brooklyn Public Library","opabbrev":"BPL","optype":"Public","overagency":"Brooklyn Public Library","overabbrev":"BPL","overlevel":"City","capacity":0,"captype":null,"boro":"BROOKLYN","bin":3068818,"bbl":3027620021,"latitude":40.713637,"longitude":-73.947968,"xcoord":998674.524019,"ycoord":199277.992009,"cd":301,"nta2010":"BK90","nta2020":"BK0104","council":34,"ct2010":"050300","ct2020":"050300","borocode":3,"schooldist":"14","policeprct":90,"datasource":"bpl_libraries","uid":"676569aa3e5cf263d92c710f5f1ce656","count":1},"geometry":{"type":"Point","coordinates":[-73.947968,40.713637]}},{"type":"Feature","properties":{"facname":"CORTELYOU LIBRARY","addressnum":null,"streetname":null,"address":null,"city":"BROOKLYN","zipcode":"11226","factype":"PUBLIC LIBRARY","facsubgrp":"PUBLIC LIBRARIES","facgroup":"LIBRARIES","facdomain":"LIBRARIES AND CULTURAL PROGRAMS","servarea":"Local","opname":"Brooklyn Public Library","opabbrev":"BPL","optype":"Public","overagency":"Brooklyn Public Library","overabbrev":"BPL","overlevel":"City","capacity":0,"captype":null,"boro":"BROOKLYN","bin":3118362,"bbl":3051440080,"latitude":40.640844,"longitude":-73.965968,"xcoord":993694.794048,"ycoord":172754.961531,"cd":314,"nta2010":"BK42","nta2020":"BK1402","council":40,"ct2010":"152200","ct2020":"152200","borocode":3,"schooldist":"22","policeprct":70,"datasource":"bpl_libraries","uid":"690d849db1b5abea70bfcd29da5eba1d","count":1},"geometry":{"type":"Point","coordinates":[-73.965968,40.640844]}},{"type":"Feature","properties":{"facname":"HUNTS POINT LIBRARY","addressnum":"877","streetname":"SOUTHERN BOULEVARD","address":"877 SOUTHERN BOULEVARD","city":"BRONX","zipcode":"10459","factype":"PUBLIC LIBRARY","facsubgrp":"PUBLIC LIBRARIES","facgroup":"LIBRARIES","facdomain":"LIBRARIES AND CULTURAL PROGRAMS","servarea":"Local","opname":"New York Public Library","opabbrev":"NYPL","optype":"Public","overagency":"New York Public Library","overabbrev":"NYPL","overlevel":"City","capacity":0,"captype":null,"boro":"BRONX","bin":2005755,"bbl":2027220063,"latitude":40.8186939668,"longitude":-73.8941383912,"xcoord":1013551.12671,"ycoord":237567.146293,"cd":202,"nta2010":"BX27","nta2020":"BX0201","council":17,"ct2010":"008900","ct2020":"008900","borocode":2,"schooldist":"08","policeprct":41,"datasource":"nypl_libraries","uid":"7ebd35d614226315c5a3d49b3e680723","count":1},"geometry":{"type":"Point","coordinates":[-73.894138,40.818694]}},{"type":"Feature","properties":{"facname":"WASHINGTON IRVING LIBRARY","addressnum":null,"streetname":null,"address":"360 IRVING AVE. (AT WOODBINE ST.) BROOKLYN, NY 11237","city":"BROOKLYN","zipcode":"11237","factype":"PUBLIC LIBRARY","facsubgrp":"PUBLIC LIBRARIES","facgroup":"LIBRARIES","facdomain":"LIBRARIES AND CULTURAL PROGRAMS","servarea":"Local","opname":"Brooklyn Public Library","opabbrev":"BPL","optype":"Public","overagency":"Brooklyn Public Library","overabbrev":"BPL","overlevel":"City","capacity":0,"captype":null,"boro":"BROOKLYN","bin":3076852,"bbl":3033620032,"latitude":40.6975031,"longitude":-73.9122378,"xcoord":1008585.68281,"ycoord":193407.834919,"cd":304,"nta2010":"BK77","nta2020":"BK0402","council":37,"ct2010":"043500","ct2020":"043500","borocode":3,"schooldist":"32","policeprct":83,"datasource":"bpl_libraries","uid":"865a684ecacec05be1a541ede9b35dfd","count":1},"geometry":{"type":"Point","coordinates":[-73.912238,40.697503]}},{"type":"Feature","properties":{"facname":"NEW LOTS LEARNING CENTER","addressnum":null,"streetname":null,"address":null,"city":"BROOKLYN","zipcode":"11207","factype":"PUBLIC LIBRARY","facsubgrp":"PUBLIC LIBRARIES","facgroup":"LIBRARIES","facdomain":"LIBRARIES AND CULTURAL PROGRAMS","servarea":"Local","opname":"Brooklyn Public Library","opabbrev":"BPL","optype":"Public","overagency":"Brooklyn Public Library","overabbrev":"BPL","overlevel":"City","capacity":0,"captype":null,"boro":"BROOKLYN","bin":3090726,"bbl":3040900001,"latitude":40.6651154,"longitude":-73.8861478,"xcoord":1015835.54218,"ycoord":181616.39562,"cd":305,"nta2010":"BK82","nta2020":"BK0503","council":42,"ct2010":"112400","ct2020":"112400","borocode":3,"schooldist":"19","policeprct":75,"datasource":"bpl_libraries","uid":"8c58141dfafd347a8576032aed27cf0e","count":1},"geometry":{"type":"Point","coordinates":[-73.886148,40.665115]}},{"type":"Feature","properties":{"facname":"MITCHELL-LINDEN","addressnum":"29-42","streetname":"UNION STREET","address":"29-42 UNION STREET","city":"FLUSHING","zipcode":"11354","factype":"PUBLIC LIBRARY","facsubgrp":"PUBLIC LIBRARIES","facgroup":"LIBRARIES","facdomain":"LIBRARIES AND CULTURAL PROGRAMS","servarea":"Local","opname":"Queens Public Library","opabbrev":"Public","optype":"Public","overagency":"Queens Public Library","overabbrev":"QPL","overlevel":"City","capacity":0,"captype":null,"boro":"QUEENS","bin":4445300,"bbl":4043430110,"latitude":40.7711334798,"longitude":-73.8269152094,"xcoord":1032191.85465,"ycoord":220268.87053,"cd":407,"nta2010":"QN22","nta2020":"QN0704","council":20,"ct2010":"088901","ct2020":"088903","borocode":4,"schooldist":"25","policeprct":109,"datasource":"qpl_libraries","uid":"b31a3efd3d86df3d0d85d531a1659ae5","count":1},"geometry":{"type":"Point","coordinates":[-73.826915,40.771133]}},{"type":"Feature","properties":{"facname":"FLATBUSH LEARNING CENTER","addressnum":null,"streetname":null,"address":null,"city":"BROOKLYN","zipcode":"11226","factype":"PUBLIC LIBRARY","facsubgrp":"PUBLIC LIBRARIES","facgroup":"LIBRARIES","facdomain":"LIBRARIES AND CULTURAL PROGRAMS","servarea":"Local","opname":"Brooklyn Public Library","opabbrev":"BPL","optype":"Public","overagency":"Brooklyn Public Library","overabbrev":"BPL","overlevel":"City","capacity":0,"captype":null,"boro":"BROOKLYN","bin":3116706,"bbl":3050860015,"latitude":40.6519213,"longitude":-73.958256,"xcoord":995833.157812,"ycoord":176791.650628,"cd":314,"nta2010":"BK60","nta2020":"BK1401","council":40,"ct2010":"079602","ct2020":"079602","borocode":3,"schooldist":"17","policeprct":70,"datasource":"bpl_libraries","uid":"d6117b766a9a39993d0f94a0ff49fb0d","count":1},"geometry":{"type":"Point","coordinates":[-73.958256,40.651921]}},{"type":"Feature","properties":{"facname":"MUHLENBERG LIBRARY","addressnum":"209","streetname":"WEST 23 STREET","address":"209 WEST 23 STREET","city":"NEW YORK","zipcode":"10011","factype":"PUBLIC LIBRARY","facsubgrp":"PUBLIC LIBRARIES","facgroup":"LIBRARIES","facdomain":"LIBRARIES AND CULTURAL PROGRAMS","servarea":"Local","opname":"New York Public Library","opabbrev":"NYPL","optype":"Public","overagency":"New York Public Library","overabbrev":"NYPL","overlevel":"City","capacity":0,"captype":null,"boro":"MANHATTAN","bin":1014150,"bbl":1007730038,"latitude":40.7445200015,"longitude":-73.995961283,"xcoord":985369.110954,"ycoord":210525.373219,"cd":104,"nta2010":"MN13","nta2020":"MN0401","council":3,"ct2010":"009100","ct2020":"009100","borocode":1,"schooldist":"02","policeprct":10,"datasource":"nypl_libraries","uid":"d981bc27de6e0dd423aa46b0362a0c22","count":1},"geometry":{"type":"Point","coordinates":[-73.995961,40.74452]}},{"type":"Feature","properties":{"facname":"HOLLAND SOCIETY LIBRARY","addressnum":null,"streetname":null,"address":"SIXTH FL","city":"NEW YORK","zipcode":"10017","factype":"SPECIAL LIBRARIES","facsubgrp":"ACADEMIC AND SPECIAL LIBRARIES","facgroup":"LIBRARIES","facdomain":"LIBRARIES AND CULTURAL PROGRAMS","servarea":"Regional","opname":"Holland Society Library","opabbrev":"Non-public","optype":"Non-public","overagency":"NYC Department of Education","overabbrev":"NYCDOE","overlevel":"City","capacity":0,"captype":null,"boro":"MANHATTAN","bin":0,"bbl":0,"latitude":40.75243506,"longitude":-73.97312502,"xcoord":991696.055533,"ycoord":213410.199822,"cd":106,"nta2010":"MN19","nta2020":"MN0604","council":4,"ct2010":"009000","ct2020":"009000","borocode":1,"schooldist":"02","policeprct":17,"datasource":"nysed_activeinstitutions","uid":"e1602c45a1d7dac205cd9ef69c6015d2","count":1},"geometry":{"type":"Point","coordinates":[-73.973125,40.752435]}},{"type":"Feature","properties":{"facname":"NEW AMSTERDAM LIBRARY","addressnum":"9","streetname":"MURRAY STREET","address":"9 MURRAY STREET","city":"NEW YORK","zipcode":"10007","factype":"PUBLIC LIBRARY","facsubgrp":"PUBLIC LIBRARIES","facgroup":"LIBRARIES","facdomain":"LIBRARIES AND CULTURAL PROGRAMS","servarea":"Local","opname":"New York Public Library","opabbrev":"NYPL","optype":"Public","overagency":"New York Public Library","overabbrev":"NYPL","overlevel":"City","capacity":0,"captype":null,"boro":"MANHATTAN","bin":1001446,"bbl":1001347503,"latitude":40.7136065315,"longitude":-74.0078659267,"xcoord":982069.374481,"ycoord":199262.705303,"cd":101,"nta2010":"MN24","nta2020":"MN0102","council":1,"ct2010":"002100","ct2020":"002100","borocode":1,"schooldist":"02","policeprct":1,"datasource":"nypl_libraries","uid":"1b2d01dbabaa19954081aa7950433960","count":1},"geometry":{"type":"Point","coordinates":[-74.007866,40.713607]}},{"type":"Feature","properties":{"facname":"BROADWAY","addressnum":"40-20","streetname":"BROADWAY","address":"40-20 BROADWAY","city":"ASTORIA","zipcode":"11103","factype":"PUBLIC LIBRARY","facsubgrp":"PUBLIC LIBRARIES","facgroup":"LIBRARIES","facdomain":"LIBRARIES AND CULTURAL PROGRAMS","servarea":"Local","opname":"Queens Public Library","opabbrev":"Public","optype":"Public","overagency":"Queens Public Library","overabbrev":"QPL","overlevel":"City","capacity":0,"captype":null,"boro":"QUEENS","bin":4011018,"bbl":4006760050,"latitude":40.7585341544,"longitude":-73.9186254787,"xcoord":1006793.7805,"ycoord":215641.627065,"cd":401,"nta2010":"QN70","nta2020":"QN0104","council":22,"ct2010":"015700","ct2020":"015700","borocode":4,"schooldist":"30","policeprct":114,"datasource":"qpl_libraries","uid":"3c347d8ef6123f94c1c6b6a1024bf7d4","count":1},"geometry":{"type":"Point","coordinates":[-73.918625,40.758534]}},{"type":"Feature","properties":{"facname":"ROSEDALE","addressnum":"144-20","streetname":"243 STREET","address":"144-20 243 STREET","city":"ROSEDALE","zipcode":"11422","factype":"PUBLIC LIBRARY","facsubgrp":"PUBLIC LIBRARIES","facgroup":"LIBRARIES","facdomain":"LIBRARIES AND CULTURAL PROGRAMS","servarea":"Local","opname":"Queens Public Library","opabbrev":"Public","optype":"Public","overagency":"Queens Public Library","overabbrev":"QPL","overlevel":"City","capacity":0,"captype":null,"boro":"QUEENS","bin":4287999,"bbl":4135490007,"latitude":40.659971775,"longitude":-73.7399084708,"xcoord":1056411.5893,"ycoord":179829.032719,"cd":413,"nta2010":"QN05","nta2020":"QN1307","council":31,"ct2010":"065400","ct2020":"065401","borocode":4,"schooldist":"29","policeprct":116,"datasource":"qpl_libraries","uid":"43331f03a85a6d32097e6887979943a2","count":1},"geometry":{"type":"Point","coordinates":[-73.739908,40.659972]}},{"type":"Feature","properties":{"facname":"CYBER CENTER","addressnum":"89-11","streetname":"MERRICK BOULEVARD","address":"89-11 MERRICK BOULEVARD","city":"JAMAICA","zipcode":"11432","factype":"PUBLIC LIBRARY","facsubgrp":"PUBLIC LIBRARIES","facgroup":"LIBRARIES","facdomain":"LIBRARIES AND CULTURAL PROGRAMS","servarea":"Local","opname":"Queens Public Library","opabbrev":"Public","optype":"Public","overagency":"Queens Public Library","overabbrev":"QPL","overlevel":"City","capacity":0,"captype":null,"boro":"QUEENS","bin":4209635,"bbl":4097980006,"latitude":40.7078052723,"longitude":-73.7946441704,"xcoord":1041184.51576,"ycoord":197215.769568,"cd":412,"nta2010":"QN61","nta2020":"QN1201","council":27,"ct2010":"046000","ct2020":"046000","borocode":4,"schooldist":"28","policeprct":103,"datasource":"qpl_libraries","uid":"595aa79bb5aaf70a62be300520255c41","count":1},"geometry":{"type":"Point","coordinates":[-73.794644,40.707805]}},{"type":"Feature","properties":{"facname":"DEKALB LIBRARY","addressnum":null,"streetname":null,"address":null,"city":"BROOKLYN","zipcode":"11221","factype":"PUBLIC LIBRARY","facsubgrp":"PUBLIC LIBRARIES","facgroup":"LIBRARIES","facdomain":"LIBRARIES AND CULTURAL PROGRAMS","servarea":"Local","opname":"Brooklyn Public Library","opabbrev":"BPL","optype":"Public","overagency":"Brooklyn Public Library","overabbrev":"BPL","overlevel":"City","capacity":0,"captype":null,"boro":"BROOKLYN","bin":3073751,"bbl":3032410018,"latitude":40.6947857,"longitude":-73.9284044,"xcoord":1004103.63773,"ycoord":192413.728474,"cd":304,"nta2010":"BK78","nta2020":"BK0401","council":34,"ct2010":"039300","ct2020":"039300","borocode":3,"schooldist":"32","policeprct":83,"datasource":"bpl_libraries","uid":"feb7fc36c404f627f78d46146866bc71","count":1},"geometry":{"type":"Point","coordinates":[-73.928404,40.694786]}},{"type":"Feature","properties":{"facname":"PAERDEGAT LIBRARY","addressnum":null,"streetname":null,"address":null,"city":"BROOKLYN","zipcode":"11234","factype":"PUBLIC LIBRARY","facsubgrp":"PUBLIC LIBRARIES","facgroup":"LIBRARIES","facdomain":"LIBRARIES AND CULTURAL PROGRAMS","servarea":"Local","opname":"Brooklyn Public Library","opabbrev":"BPL","optype":"Public","overagency":"Brooklyn Public Library","overabbrev":"BPL","overlevel":"City","capacity":0,"captype":null,"boro":"BROOKLYN","bin":3214944,"bbl":3077620053,"latitude":40.6325973,"longitude":-73.9199539,"xcoord":1006467.68563,"ycoord":169758.782586,"cd":318,"nta2010":"BK58","nta2020":"BK1801","council":46,"ct2010":"072200","ct2020":"072200","borocode":3,"schooldist":"22","policeprct":63,"datasource":"bpl_libraries","uid":"fbc2ed29e05e9ac02813070cb9f82f0c","count":1},"geometry":{"type":"Point","coordinates":[-73.919954,40.632597]}},{"type":"Feature","properties":{"facname":"TEEN TECH CENTER AT THE ANNEX","addressnum":"1","streetname":"JOHN STREET","address":"1 JOHN STREET","city":"BROOKLYN","zipcode":"11201","factype":"PUBLIC LIBRARY","facsubgrp":"PUBLIC LIBRARIES","facgroup":"LIBRARIES","facdomain":"LIBRARIES AND CULTURAL PROGRAMS","servarea":"Local","opname":"Brooklyn Public Library","opabbrev":"BPL","optype":"Public","overagency":"Brooklyn Public Library","overabbrev":"BPL","overlevel":"City","capacity":0,"captype":null,"boro":"BROOKLYN","bin":3413929,"bbl":3000017501,"latitude":40.7046234707,"longitude":-73.9878336501,"xcoord":987623.261608,"ycoord":195990.041567,"cd":302,"nta2010":"BK38","nta2020":"BK0202","council":33,"ct2010":"002100","ct2020":"002100","borocode":3,"schooldist":"13","policeprct":84,"datasource":"bpl_libraries","uid":"3b6a185df13c729b13d11e172c2d9ff7","count":1},"geometry":{"type":"Point","coordinates":[-73.987834,40.704623]}},{"type":"Feature","properties":{"facname":"ULMER PARK LIBRARY","addressnum":null,"streetname":null,"address":null,"city":"BROOKLYN","zipcode":"11214","factype":"PUBLIC LIBRARY","facsubgrp":"PUBLIC LIBRARIES","facgroup":"LIBRARIES","facdomain":"LIBRARIES AND CULTURAL PROGRAMS","servarea":"Local","opname":"Brooklyn Public Library","opabbrev":"BPL","optype":"Public","overagency":"Brooklyn Public Library","overabbrev":"BPL","overlevel":"City","capacity":0,"captype":null,"boro":"BROOKLYN","bin":3186777,"bbl":3068970035,"latitude":40.5926124,"longitude":-73.9886502,"xcoord":987402.151183,"ycoord":155181.293526,"cd":313,"nta2010":"BK29","nta2020":"BK1103","council":43,"ct2010":"030400","ct2020":"030400","borocode":3,"schooldist":"21","policeprct":60,"datasource":"bpl_libraries","uid":"7176cb34fcac820d4157fd36f6cf9ec6","count":1},"geometry":{"type":"Point","coordinates":[-73.98865,40.592612]}},{"type":"Feature","properties":{"facname":"CORONA","addressnum":"38-23","streetname":"104 STREET","address":"38-23 104 STREET","city":"CORONA","zipcode":"11368","factype":"PUBLIC LIBRARY","facsubgrp":"PUBLIC LIBRARIES","facgroup":"LIBRARIES","facdomain":"LIBRARIES AND CULTURAL PROGRAMS","servarea":"Local","opname":"Queens Public Library","opabbrev":"Public","optype":"Public","overagency":"Queens Public Library","overabbrev":"QPL","overlevel":"City","capacity":0,"captype":null,"boro":"QUEENS","bin":4044596,"bbl":4017750077,"latitude":40.7508986537,"longitude":-73.8619816466,"xcoord":1022490.60958,"ycoord":212879.421122,"cd":403,"nta2010":"QN26","nta2020":"QN0303","council":21,"ct2010":"040300","ct2020":"040302","borocode":4,"schooldist":"24","policeprct":115,"datasource":"qpl_libraries","uid":"cabcf7302b7e1e900a541b4dc40e2594","count":1},"geometry":{"type":"Point","coordinates":[-73.861982,40.750899]}},{"type":"Feature","properties":{"facname":"CLASON'S POINT LIBRARY","addressnum":"1215","streetname":"MORRISON AVENUE","address":"1215 MORRISON AVENUE","city":"BRONX","zipcode":"10472","factype":"PUBLIC LIBRARY","facsubgrp":"PUBLIC LIBRARIES","facgroup":"LIBRARIES","facdomain":"LIBRARIES AND CULTURAL PROGRAMS","servarea":"Local","opname":"New York Public Library","opabbrev":"NYPL","optype":"Public","overagency":"New York Public Library","overabbrev":"NYPL","overlevel":"City","capacity":0,"captype":null,"boro":"BRONX","bin":2025381,"bbl":2037770062,"latitude":40.8299994088,"longitude":-73.8750270357,"xcoord":1018835.02344,"ycoord":241693.095971,"cd":209,"nta2010":"BX08","nta2020":"BX0901","council":17,"ct2010":"006200","ct2020":"006200","borocode":2,"schooldist":"12","policeprct":43,"datasource":"nypl_libraries","uid":"d18a235b145df3cc0cf5784fe3b04593","count":1},"geometry":{"type":"Point","coordinates":[-73.875027,40.829999]}},{"type":"Feature","properties":{"facname":"THE GROLIER CLUB OF NEW YORK","addressnum":"47","streetname":"EAST 60 STREET","address":"47 EAST 60 STREET","city":"NEW YORK","zipcode":"10022","factype":"SPECIAL LIBRARIES","facsubgrp":"ACADEMIC AND SPECIAL LIBRARIES","facgroup":"LIBRARIES","facdomain":"LIBRARIES AND CULTURAL PROGRAMS","servarea":"Regional","opname":"The Grolier Club Of New York","opabbrev":"Non-public","optype":"Non-public","overagency":"NYC Department of Education","overabbrev":"NYCDOE","overlevel":"City","capacity":0,"captype":null,"boro":"MANHATTAN","bin":1040804,"bbl":1013750031,"latitude":40.7640025567,"longitude":-73.9698571704,"xcoord":992600.004645,"ycoord":217624.910937,"cd":108,"nta2010":"MN40","nta2020":"MN0802","council":4,"ct2010":"011401","ct2020":"011401","borocode":1,"schooldist":"02","policeprct":19,"datasource":"nysed_activeinstitutions","uid":"0077881dea387da883ec525061a2e020","count":1},"geometry":{"type":"Point","coordinates":[-73.969857,40.764003]}},{"type":"Feature","properties":{"facname":"AMERICAN BIBLE SOCIETY","addressnum":"1865","streetname":"BROADWAY","address":"1865 BROADWAY","city":"NEW YORK","zipcode":"10023","factype":"SPECIAL LIBRARIES","facsubgrp":"ACADEMIC AND SPECIAL LIBRARIES","facgroup":"LIBRARIES","facdomain":"LIBRARIES AND CULTURAL PROGRAMS","servarea":"Regional","opname":"American Bible Society","opabbrev":"Non-public","optype":"Non-public","overagency":"NYC Department of Education","overabbrev":"NYCDOE","overlevel":"City","capacity":0,"captype":null,"boro":"MANHATTAN","bin":1090158,"bbl":1011147504,"latitude":40.7702173954,"longitude":-73.9826967888,"xcoord":989042.795377,"ycoord":219888.219263,"cd":107,"nta2010":"MN14","nta2020":"MN0701","council":6,"ct2010":"014500","ct2020":"014500","borocode":1,"schooldist":"03","policeprct":20,"datasource":"nysed_activeinstitutions","uid":"00a024c4889cd4120d01cb85f8398e07","count":1},"geometry":{"type":"Point","coordinates":[-73.982697,40.770217]}},{"type":"Feature","properties":{"facname":"MORRISANIA LIBRARY","addressnum":"610","streetname":"EAST 169 STREET","address":"610 EAST 169 STREET","city":"BRONX","zipcode":"10456","factype":"PUBLIC LIBRARY","facsubgrp":"PUBLIC LIBRARIES","facgroup":"LIBRARIES","facdomain":"LIBRARIES AND CULTURAL PROGRAMS","servarea":"Local","opname":"New York Public Library","opabbrev":"NYPL","optype":"Public","overagency":"New York Public Library","overabbrev":"NYPL","overlevel":"City","capacity":0,"captype":null,"boro":"BRONX","bin":2004303,"bbl":2026150023,"latitude":40.8312720847,"longitude":-73.9017895369,"xcoord":1011428.2514,"ycoord":242147.343368,"cd":203,"nta2010":"BX35","nta2020":"BX0301","council":17,"ct2010":"014900","ct2020":"014900","borocode":2,"schooldist":"09","policeprct":42,"datasource":"nypl_libraries","uid":"03c6d733eefe179d405351b9ccc899ca","count":1},"geometry":{"type":"Point","coordinates":[-73.90179,40.831272]}},{"type":"Feature","properties":{"facname":"TOMPKINS SQUARE LIBRARY","addressnum":"331","streetname":"EAST 10 STREET","address":"331 EAST 10 STREET","city":"NEW YORK","zipcode":"10009","factype":"PUBLIC LIBRARY","facsubgrp":"PUBLIC LIBRARIES","facgroup":"LIBRARIES","facdomain":"LIBRARIES AND CULTURAL PROGRAMS","servarea":"Local","opname":"New York Public Library","opabbrev":"NYPL","optype":"Public","overagency":"New York Public Library","overabbrev":"NYPL","overlevel":"City","capacity":0,"captype":null,"boro":"MANHATTAN","bin":1005147,"bbl":1004040039,"latitude":40.7273097844,"longitude":-73.9804114104,"xcoord":989679.315313,"ycoord":204255.730442,"cd":103,"nta2010":"MN22","nta2020":"MN0303","council":2,"ct2010":"003400","ct2020":"003400","borocode":1,"schooldist":"01","policeprct":9,"datasource":"nypl_libraries","uid":"043a663af03b0d70d0a3f7831ef1aefd","count":1},"geometry":{"type":"Point","coordinates":[-73.980411,40.72731]}},{"type":"Feature","properties":{"facname":"ROCHDALE VILLAGE","addressnum":"169-09","streetname":"137 AVENUE","address":"169-09 137 AVENUE","city":"JAMAICA","zipcode":"11434","factype":"PUBLIC LIBRARY","facsubgrp":"PUBLIC LIBRARIES","facgroup":"LIBRARIES","facdomain":"LIBRARIES AND CULTURAL PROGRAMS","servarea":"Local","opname":"Queens Public Library","opabbrev":"Public","optype":"Public","overagency":"Queens Public Library","overabbrev":"QPL","overlevel":"City","capacity":0,"captype":null,"boro":"QUEENS","bin":4270057,"bbl":4124950175,"latitude":40.672884247,"longitude":-73.7705879439,"xcoord":1047887.36477,"ycoord":184509.611862,"cd":412,"nta2010":"QN02","nta2020":"QN1204","council":28,"ct2010":"033402","ct2020":"033404","borocode":4,"schooldist":"28","policeprct":113,"datasource":"qpl_libraries","uid":"0532c8e4ef4dcb6ad3b8c06aaf1e380b","count":1},"geometry":{"type":"Point","coordinates":[-73.770588,40.672884]}},{"type":"Feature","properties":{"facname":"GRAND CONCOURSE LIBRARY","addressnum":"155","streetname":"EAST 173 STREET","address":"155 EAST 173 STREET","city":"BRONX","zipcode":"10457","factype":"PUBLIC LIBRARY","facsubgrp":"PUBLIC LIBRARIES","facgroup":"LIBRARIES","facdomain":"LIBRARIES AND CULTURAL PROGRAMS","servarea":"Local","opname":"New York Public Library","opabbrev":"NYPL","optype":"Public","overagency":"New York Public Library","overabbrev":"NYPL","overlevel":"City","capacity":0,"captype":null,"boro":"BRONX","bin":2007870,"bbl":2028240034,"latitude":40.8440100646,"longitude":-73.9100923152,"xcoord":1009125.82134,"ycoord":246785.793981,"cd":204,"nta2010":"BX41","nta2020":"BX0403","council":15,"ct2010":"022703","ct2020":"022703","borocode":2,"schooldist":"09","policeprct":44,"datasource":"nypl_libraries","uid":"05601de94006cc0b5ec99e025c6bfe0b","count":1},"geometry":{"type":"Point","coordinates":[-73.910092,40.84401]}},{"type":"Feature","properties":{"facname":"MIDDLE VILLAGE","addressnum":"72-31","streetname":"METROPOLITAN AVENUE","address":"72-31 METROPOLITAN AVENUE","city":"MIDDLE VILLAGE","zipcode":"11379","factype":"PUBLIC LIBRARY","facsubgrp":"PUBLIC LIBRARIES","facgroup":"LIBRARIES","facdomain":"LIBRARIES AND CULTURAL PROGRAMS","servarea":"Local","opname":"Queens Public Library","opabbrev":"Public","optype":"Public","overagency":"Queens Public Library","overabbrev":"QPL","overlevel":"City","capacity":0,"captype":null,"boro":"QUEENS","bin":4312065,"bbl":4030577501,"latitude":40.7129505319,"longitude":-73.8808662699,"xcoord":1017277.07222,"ycoord":199046.06552,"cd":405,"nta2010":"QN21","nta2020":"QN0504","council":30,"ct2010":"065702","ct2020":"065702","borocode":4,"schooldist":"24","policeprct":104,"datasource":"qpl_libraries","uid":"0692bf66a9c9f7abd46ad18b6a914160","count":1},"geometry":{"type":"Point","coordinates":[-73.880866,40.712951]}},{"type":"Feature","properties":{"facname":"LIBRARY FOR ARTS & CULTURE","addressnum":"10","streetname":"LAFAYETTE AVENUE","address":"10 LAFAYETTE AVENUE","city":"BROOKLYN","zipcode":"11217","factype":"PUBLIC LIBRARY","facsubgrp":"PUBLIC LIBRARIES","facgroup":"LIBRARIES","facdomain":"LIBRARIES AND CULTURAL PROGRAMS","servarea":"Local","opname":"Brooklyn Public Library","opabbrev":"BPL","optype":"Public","overagency":"Brooklyn Public Library","overabbrev":"BPL","overlevel":"City","capacity":0,"captype":null,"boro":"BROOKLYN","bin":3428715,"bbl":3021107501,"latitude":40.6860429094,"longitude":-73.9784017621,"xcoord":990240.030979,"ycoord":189221.098722,"cd":302,"nta2010":"BK68","nta2020":"BK0203","council":35,"ct2010":"003500","ct2020":"003500","borocode":3,"schooldist":"15","policeprct":88,"datasource":"bpl_libraries","uid":"06ec24f1d8c3ee935db917d2057addfc","count":1},"geometry":{"type":"Point","coordinates":[-73.978402,40.686043]}},{"type":"Feature","properties":{"facname":"GERRITSEN BEACH LIBRARY","addressnum":"2808","streetname":"GERRITSEN AVENUE","address":"2808 GERRITSEN AVENUE","city":"BROOKLYN","zipcode":"11229","factype":"PUBLIC LIBRARY","facsubgrp":"PUBLIC LIBRARIES","facgroup":"LIBRARIES","facdomain":"LIBRARIES AND CULTURAL PROGRAMS","servarea":"Local","opname":"Brooklyn Public Library","opabbrev":"BPL","optype":"Public","overagency":"Brooklyn Public Library","overabbrev":"BPL","overlevel":"City","capacity":0,"captype":null,"boro":"BROOKLYN","bin":3343823,"bbl":3089230920,"latitude":40.5913763189,"longitude":-73.9239623621,"xcoord":1005368.12873,"ycoord":154739.919297,"cd":315,"nta2010":"BK17","nta2020":"BK1503","council":46,"ct2010":"062800","ct2020":"062800","borocode":3,"schooldist":"22","policeprct":61,"datasource":"bpl_libraries","uid":"0b29c635758bcbf3af63d79cdea2d889","count":1},"geometry":{"type":"Point","coordinates":[-73.923962,40.591376]}},{"type":"Feature","properties":{"facname":"LANGSTON HUGHES","addressnum":"100-01","streetname":"NORTHERN BOULEVARD","address":"100-01 NORTHERN BOULEVARD","city":"CORONA","zipcode":"11368","factype":"PUBLIC LIBRARY","facsubgrp":"PUBLIC LIBRARIES","facgroup":"LIBRARIES","facdomain":"LIBRARIES AND CULTURAL PROGRAMS","servarea":"Local","opname":"Queens Public Library","opabbrev":"Public","optype":"Public","overagency":"Queens Public Library","overabbrev":"QPL","overlevel":"City","capacity":0,"captype":null,"boro":"QUEENS","bin":4437193,"bbl":4016950039,"latitude":40.7576399329,"longitude":-73.8681396185,"xcoord":1020780.73055,"ycoord":215332.856742,"cd":403,"nta2010":"QN27","nta2020":"QN0302","council":21,"ct2010":"036300","ct2020":"036300","borocode":4,"schooldist":"30","policeprct":115,"datasource":"qpl_libraries","uid":"0b83da692a4909e755122186515918be","count":1},"geometry":{"type":"Point","coordinates":[-73.86814,40.75764]}},{"type":"Feature","properties":{"facname":"HIGH BRIDGE LIBRARY","addressnum":"78","streetname":"WEST 168 STREET","address":"78 WEST 168 STREET","city":"BRONX","zipcode":"10452","factype":"PUBLIC LIBRARY","facsubgrp":"PUBLIC LIBRARIES","facgroup":"LIBRARIES","facdomain":"LIBRARIES AND CULTURAL PROGRAMS","servarea":"Local","opname":"New York Public Library","opabbrev":"NYPL","optype":"Public","overagency":"New York Public Library","overabbrev":"NYPL","overlevel":"City","capacity":0,"captype":null,"boro":"BRONX","bin":2003163,"bbl":2025100027,"latitude":40.8379673359,"longitude":-73.9235452658,"xcoord":1005405.55714,"ycoord":244580.668018,"cd":204,"nta2010":"BX26","nta2020":"BX0402","council":16,"ct2010":"019900","ct2020":"019900","borocode":2,"schooldist":"09","policeprct":44,"datasource":"nypl_libraries","uid":"0ddf3f7fd6063f6f89642e76e3c68f56","count":1},"geometry":{"type":"Point","coordinates":[-73.923545,40.837967]}},{"type":"Feature","properties":{"facname":"RICHMONDTOWN LIBRARY","addressnum":"200","streetname":"CLARKE AVENUE","address":"200 CLARKE AVENUE","city":"STATEN ISLAND","zipcode":"10306","factype":"PUBLIC LIBRARY","facsubgrp":"PUBLIC LIBRARIES","facgroup":"LIBRARIES","facdomain":"LIBRARIES AND CULTURAL PROGRAMS","servarea":"Local","opname":"New York Public Library","opabbrev":"NYPL","optype":"Public","overagency":"New York Public Library","overabbrev":"NYPL","overlevel":"City","capacity":0,"captype":null,"boro":"STATEN ISLAND","bin":5060744,"bbl":5044700001,"latitude":40.5665436598,"longitude":-74.1385500645,"xcoord":945755.835839,"ycoord":145714.040321,"cd":503,"nta2010":"SI54","nta2020":"SI0302","council":50,"ct2010":"014606","ct2020":"014606","borocode":5,"schooldist":"31","policeprct":122,"datasource":"nypl_libraries","uid":"0f70705af2d8110f7757f193ee996491","count":1},"geometry":{"type":"Point","coordinates":[-74.13855,40.566544]}},{"type":"Feature","properties":{"facname":"EDENWALD LIBRARY","addressnum":"1255","streetname":"EAST 233 STREET","address":"1255 EAST 233 STREET","city":"BRONX","zipcode":"10466","factype":"PUBLIC LIBRARY","facsubgrp":"PUBLIC LIBRARIES","facgroup":"LIBRARIES","facdomain":"LIBRARIES AND CULTURAL PROGRAMS","servarea":"Local","opname":"New York Public Library","opabbrev":"NYPL","optype":"Public","overagency":"New York Public Library","overabbrev":"NYPL","overlevel":"City","capacity":0,"captype":null,"boro":"BRONX","bin":2066596,"bbl":2049560001,"latitude":40.8889011106,"longitude":-73.840834064,"xcoord":1028258.58505,"ycoord":263168.571891,"cd":212,"nta2010":"BX62","nta2020":"BX1202","council":12,"ct2010":"042600","ct2020":"042600","borocode":2,"schooldist":"11","policeprct":47,"datasource":"nypl_libraries","uid":"10c0c3484af97dbdbd519ac043dd6448","count":1},"geometry":{"type":"Point","coordinates":[-73.840834,40.888901]}},{"type":"Feature","properties":{"facname":"EASTCHESTER LIBRARY","addressnum":"1385","streetname":"EAST GUN HILL ROAD","address":"1385 EAST GUN HILL ROAD","city":"BRONX","zipcode":"10469","factype":"PUBLIC LIBRARY","facsubgrp":"PUBLIC LIBRARIES","facgroup":"LIBRARIES","facdomain":"LIBRARIES AND CULTURAL PROGRAMS","servarea":"Local","opname":"New York Public Library","opabbrev":"NYPL","optype":"Public","overagency":"New York Public Library","overabbrev":"NYPL","overlevel":"City","capacity":0,"captype":null,"boro":"BRONX","bin":2061767,"bbl":2047620022,"latitude":40.8701459976,"longitude":-73.8450655401,"xcoord":1027100.69036,"ycoord":256333.248665,"cd":212,"nta2010":"BX03","nta2020":"BX1202","council":12,"ct2010":"035800","ct2020":"035800","borocode":2,"schooldist":"11","policeprct":47,"datasource":"nypl_libraries","uid":"11227fa7d859b1c64029c0a3c92b4911","count":1},"geometry":{"type":"Point","coordinates":[-73.845066,40.870146]}},{"type":"Feature","properties":{"facname":"MULBERRY STREET LIBRARY","addressnum":"10","streetname":"JERSEY STREET","address":"10 JERSEY STREET","city":"NEW YORK","zipcode":"10012","factype":"PUBLIC LIBRARY","facsubgrp":"PUBLIC LIBRARIES","facgroup":"LIBRARIES","facdomain":"LIBRARIES AND CULTURAL PROGRAMS","servarea":"Local","opname":"New York Public Library","opabbrev":"NYPL","optype":"Public","overagency":"New York Public Library","overabbrev":"NYPL","overlevel":"City","capacity":0,"captype":null,"boro":"MANHATTAN","bin":1007931,"bbl":1005107501,"latitude":40.7240742796,"longitude":-73.9957236719,"xcoord":985435.315624,"ycoord":203076.357678,"cd":102,"nta2010":"MN24","nta2020":"MN0201","council":1,"ct2010":"004300","ct2020":"004300","borocode":1,"schooldist":"02","policeprct":5,"datasource":"nypl_libraries","uid":"144c91d88e55a62205c5cc9d22c95752","count":1},"geometry":{"type":"Point","coordinates":[-73.995724,40.724074]}},{"type":"Feature","properties":{"facname":"ELMHURST","addressnum":"86-01","streetname":"BROADWAY","address":"86-01 BROADWAY","city":"ELMHURST","zipcode":"11373","factype":"PUBLIC LIBRARY","facsubgrp":"PUBLIC LIBRARIES","facgroup":"LIBRARIES","facdomain":"LIBRARIES AND CULTURAL PROGRAMS","servarea":"Local","opname":"Queens Public Library","opabbrev":"Public","optype":"Public","overagency":"Queens Public Library","overabbrev":"QPL","overlevel":"City","capacity":0,"captype":null,"boro":"QUEENS","bin":4590789,"bbl":4018370001,"latitude":40.7385177879,"longitude":-73.8768709659,"xcoord":1018371.58381,"ycoord":208362.531412,"cd":404,"nta2010":"QN29","nta2020":"QN0401","council":25,"ct2010":"047300","ct2020":"047300","borocode":4,"schooldist":"24","policeprct":110,"datasource":"qpl_libraries","uid":"cb1c0028566c25b7fb952ece2cf02122","count":1},"geometry":{"type":"Point","coordinates":[-73.876871,40.738518]}},{"type":"Feature","properties":{"facname":"INWOOD LIBRARY\u2013JOSEPH AND SHEILA ROSENBLATT BUILDING","addressnum":"4790","streetname":"BROADWAY","address":"4790 BROADWAY","city":"NEW YORK","zipcode":"10034","factype":"PUBLIC LIBRARY","facsubgrp":"PUBLIC LIBRARIES","facgroup":"LIBRARIES","facdomain":"LIBRARIES AND CULTURAL PROGRAMS","servarea":"Local","opname":"New York Public Library","opabbrev":"NYPL","optype":"Public","overagency":"New York Public Library","overabbrev":"NYPL","overlevel":"City","capacity":0,"captype":null,"boro":"MANHATTAN","bin":1091724,"bbl":1022337501,"latitude":40.8657251083,"longitude":-73.9257199072,"xcoord":1004795.24315,"ycoord":254693.361183,"cd":112,"nta2010":"MN01","nta2020":"MN1203","council":10,"ct2010":"029100","ct2020":"029100","borocode":1,"schooldist":"06","policeprct":34,"datasource":"nypl_libraries","uid":"16f77463d54e81fc6320bcc00cfc239c","count":1},"geometry":{"type":"Point","coordinates":[-73.92572,40.865725]}},{"type":"Feature","properties":{"facname":"BROAD CHANNEL","addressnum":"16-26","streetname":"CROSS BAY BOULEVARD","address":"16-26 CROSS BAY BOULEVARD","city":"FAR ROCKAWAY","zipcode":"11693","factype":"PUBLIC LIBRARY","facsubgrp":"PUBLIC LIBRARIES","facgroup":"LIBRARIES","facdomain":"LIBRARIES AND CULTURAL PROGRAMS","servarea":"Local","opname":"Queens Public Library","opabbrev":"Public","optype":"Public","overagency":"Queens Public Library","overabbrev":"QPL","overlevel":"City","capacity":0,"captype":null,"boro":"QUEENS","bin":4297581,"bbl":4154810530,"latitude":40.6007401106,"longitude":-73.8200529934,"xcoord":1034220.10806,"ycoord":158193.547236,"cd":414,"nta2010":"QN10","nta2020":"QN1403","council":32,"ct2010":"107201","ct2020":"107201","borocode":4,"schooldist":"27","policeprct":100,"datasource":"qpl_libraries","uid":"176144691b49bff8dbf4a7cc9d3fee16","count":1},"geometry":{"type":"Point","coordinates":[-73.820053,40.60074]}},{"type":"Feature","properties":{"facname":"ARVERNE","addressnum":"312","streetname":"BEACH 54 STREET","address":"312 BEACH 54 STREET","city":"ARVERNE","zipcode":"11692","factype":"PUBLIC LIBRARY","facsubgrp":"PUBLIC LIBRARIES","facgroup":"LIBRARIES","facdomain":"LIBRARIES AND CULTURAL PROGRAMS","servarea":"Local","opname":"Queens Public Library","opabbrev":"Public","optype":"Public","overagency":"Queens Public Library","overabbrev":"QPL","overlevel":"City","capacity":0,"captype":null,"boro":"QUEENS","bin":4301922,"bbl":4158900018,"latitude":40.5931527914,"longitude":-73.7840411494,"xcoord":1044227.15818,"ycoord":155451.900351,"cd":414,"nta2010":"QN12","nta2020":"QN1402","council":31,"ct2010":"097204","ct2020":"097204","borocode":4,"schooldist":"27","policeprct":101,"datasource":"qpl_libraries","uid":"1c7c5193bbcb18dc48f881a7f7681870","count":1},"geometry":{"type":"Point","coordinates":[-73.784041,40.593153]}},{"type":"Feature","properties":{"facname":"WILLIAMSBURGH LIBRARY","addressnum":null,"streetname":null,"address":null,"city":"BROOKLYN","zipcode":"11211","factype":"PUBLIC LIBRARY","facsubgrp":"PUBLIC LIBRARIES","facgroup":"LIBRARIES","facdomain":"LIBRARIES AND CULTURAL PROGRAMS","servarea":"Local","opname":"Brooklyn Public Library","opabbrev":"BPL","optype":"Public","overagency":"Brooklyn Public Library","overabbrev":"BPL","overlevel":"City","capacity":0,"captype":null,"boro":"BROOKLYN","bin":3060090,"bbl":3021890001,"latitude":40.7069143,"longitude":-73.9575883,"xcoord":996008.731169,"ycoord":196827.271776,"cd":301,"nta2010":"BK72","nta2020":"BK0103","council":33,"ct2010":"052900","ct2020":"052900","borocode":3,"schooldist":"14","policeprct":90,"datasource":"bpl_libraries","uid":"a273a8c68918121a14ef0fb976cd47c8","count":1},"geometry":{"type":"Point","coordinates":[-73.957588,40.706914]}},{"type":"Feature","properties":{"facname":"GEORGE BRUCE LIBRARY","addressnum":"518","streetname":"WEST 125 STREET","address":"518 WEST 125 STREET","city":"NEW YORK","zipcode":"10027","factype":"PUBLIC LIBRARY","facsubgrp":"PUBLIC LIBRARIES","facgroup":"LIBRARIES","facdomain":"LIBRARIES AND CULTURAL PROGRAMS","servarea":"Local","opname":"New York Public Library","opabbrev":"NYPL","optype":"Public","overagency":"New York Public Library","overabbrev":"NYPL","overlevel":"City","capacity":0,"captype":null,"boro":"MANHATTAN","bin":1059688,"bbl":1019800022,"latitude":40.8137809586,"longitude":-73.957055147,"xcoord":996137.460896,"ycoord":235762.369566,"cd":109,"nta2010":"MN09","nta2020":"MN0901","council":7,"ct2010":"021100","ct2020":"021100","borocode":1,"schooldist":"05","policeprct":26,"datasource":"nypl_libraries","uid":"1e61ab24f52d4baa3dbda1d3e19426a2","count":1},"geometry":{"type":"Point","coordinates":[-73.957055,40.813781]}},{"type":"Feature","properties":{"facname":"WEST NEW BRIGHTON LIBRARY","addressnum":"976","streetname":"CASTLETON AVENUE","address":"976 CASTLETON AVENUE","city":"STATEN ISLAND","zipcode":"10310","factype":"PUBLIC LIBRARY","facsubgrp":"PUBLIC LIBRARIES","facgroup":"LIBRARIES","facdomain":"LIBRARIES AND CULTURAL PROGRAMS","servarea":"Local","opname":"New York Public Library","opabbrev":"NYPL","optype":"Public","overagency":"New York Public Library","overabbrev":"NYPL","overlevel":"City","capacity":0,"captype":null,"boro":"STATEN ISLAND","bin":5004936,"bbl":5001780115,"latitude":40.6345164124,"longitude":-74.1148186532,"xcoord":952381.726513,"ycoord":170468.701354,"cd":501,"nta2010":"SI35","nta2020":"SI0104","council":49,"ct2010":"010500","ct2020":"010500","borocode":5,"schooldist":"31","policeprct":120,"datasource":"nypl_libraries","uid":"1eb372bf506d6952df43b15aec920e7c","count":1},"geometry":{"type":"Point","coordinates":[-74.114819,40.634516]}},{"type":"Feature","properties":{"facname":"BROWNSVILLE LIBRARY","addressnum":null,"streetname":null,"address":null,"city":"BROOKLYN","zipcode":"11212","factype":"PUBLIC LIBRARY","facsubgrp":"PUBLIC LIBRARIES","facgroup":"LIBRARIES","facdomain":"LIBRARIES AND CULTURAL PROGRAMS","servarea":"Local","opname":"Brooklyn Public Library","opabbrev":"BPL","optype":"Public","overagency":"Brooklyn Public Library","overabbrev":"BPL","overlevel":"City","capacity":0,"captype":null,"boro":"BROOKLYN","bin":3080669,"bbl":3034890150,"latitude":40.671469,"longitude":-73.9085913,"xcoord":1009606.72237,"ycoord":183923.895762,"cd":316,"nta2010":"BK81","nta2020":"BK1602","council":41,"ct2010":"090600","ct2020":"090600","borocode":3,"schooldist":"23","policeprct":73,"datasource":"bpl_libraries","uid":"21498a9bf9ef53e0c2322b102ecced75","count":1},"geometry":{"type":"Point","coordinates":[-73.908591,40.671469]}},{"type":"Feature","properties":{"facname":"MARINERS HARBOR LIBRARY","addressnum":"206","streetname":"SOUTH AVENUE","address":"206 SOUTH AVENUE","city":"STATEN ISLAND","zipcode":"10303","factype":"PUBLIC LIBRARY","facsubgrp":"PUBLIC LIBRARIES","facgroup":"LIBRARIES","facdomain":"LIBRARIES AND CULTURAL PROGRAMS","servarea":"Local","opname":"New York Public Library","opabbrev":"NYPL","optype":"Public","overagency":"New York Public Library","overabbrev":"NYPL","overlevel":"City","capacity":0,"captype":null,"boro":"STATEN ISLAND","bin":5109138,"bbl":5012660064,"latitude":40.6346879217,"longitude":-74.1666104137,"xcoord":938006.896141,"ycoord":170554.278378,"cd":501,"nta2010":"SI12","nta2020":"SI0107","council":49,"ct2010":"032300","ct2020":"032300","borocode":5,"schooldist":"31","policeprct":121,"datasource":"nypl_libraries","uid":"2232149c08d35cccc85205d8cecf9db5","count":1},"geometry":{"type":"Point","coordinates":[-74.16661,40.634688]}},{"type":"Feature","properties":{"facname":"APERTURE FOUNDATION, INC.","addressnum":"547","streetname":"WEST 27 STREET","address":"547 WEST 27 STREET","city":"NEW YORK","zipcode":"10001","factype":"SPECIAL LIBRARIES","facsubgrp":"ACADEMIC AND SPECIAL LIBRARIES","facgroup":"LIBRARIES","facdomain":"LIBRARIES AND CULTURAL PROGRAMS","servarea":"Regional","opname":"Aperture Foundation, Inc.","opabbrev":"Non-public","optype":"Non-public","overagency":"NYC Department of Education","overabbrev":"NYCDOE","overlevel":"City","capacity":0,"captype":null,"boro":"MANHATTAN","bin":1012403,"bbl":1006990005,"latitude":40.7514329569,"longitude":-74.0043193125,"xcoord":983053.261444,"ycoord":213043.988557,"cd":104,"nta2010":"MN13","nta2020":"MN0401","council":3,"ct2010":"009900","ct2020":"009902","borocode":1,"schooldist":"02","policeprct":10,"datasource":"nysed_activeinstitutions","uid":"23066dbb4dac5f0cc8ab8b99a2b4ccee","count":1},"geometry":{"type":"Point","coordinates":[-74.004319,40.751433]}},{"type":"Feature","properties":{"facname":"WAKEFIELD LIBRARY","addressnum":"4100","streetname":"LOWERRE PLACE","address":"4100 LOWERRE PLACE","city":"BRONX","zipcode":"10466","factype":"PUBLIC LIBRARY","facsubgrp":"PUBLIC LIBRARIES","facgroup":"LIBRARIES","facdomain":"LIBRARIES AND CULTURAL PROGRAMS","servarea":"Local","opname":"New York Public Library","opabbrev":"NYPL","optype":"Public","overagency":"New York Public Library","overabbrev":"NYPL","overlevel":"City","capacity":0,"captype":null,"boro":"BRONX","bin":2063175,"bbl":2048320020,"latitude":40.8911059186,"longitude":-73.8595242442,"xcoord":1023089.56023,"ycoord":263963.033373,"cd":212,"nta2010":"BX44","nta2020":"BX1203","council":11,"ct2010":"042000","ct2020":"042000","borocode":2,"schooldist":"11","policeprct":47,"datasource":"nypl_libraries","uid":"236183dcfecc8d0ae3528d0ca05f7622","count":1},"geometry":{"type":"Point","coordinates":[-73.859524,40.891106]}},{"type":"Feature","properties":{"facname":"ALLERTON LIBRARY","addressnum":"2740","streetname":"BARNES AVENUE","address":"2740 BARNES AVENUE","city":"BRONX","zipcode":"10467","factype":"PUBLIC LIBRARY","facsubgrp":"PUBLIC LIBRARIES","facgroup":"LIBRARIES","facdomain":"LIBRARIES AND CULTURAL PROGRAMS","servarea":"Local","opname":"New York Public Library","opabbrev":"NYPL","optype":"Public","overagency":"New York Public Library","overabbrev":"NYPL","overlevel":"City","capacity":0,"captype":null,"boro":"BRONX","bin":2053752,"bbl":2045130016,"latitude":40.8668098528,"longitude":-73.8632252325,"xcoord":1022080.11173,"ycoord":255109.399116,"cd":211,"nta2010":"BX07","nta2020":"BX1104","council":13,"ct2010":"034000","ct2020":"034000","borocode":2,"schooldist":"11","policeprct":49,"datasource":"nypl_libraries","uid":"238830045f7fec917afba635e4c868ff","count":1},"geometry":{"type":"Point","coordinates":[-73.863225,40.86681]}},{"type":"Feature","properties":{"facname":"HIAS, INC.","addressnum":"333","streetname":"SEVENTH AVENUE","address":"333 SEVENTH AVENUE","city":"NEW YORK","zipcode":"10001","factype":"SPECIAL LIBRARIES","facsubgrp":"ACADEMIC AND SPECIAL LIBRARIES","facgroup":"LIBRARIES","facdomain":"LIBRARIES AND CULTURAL PROGRAMS","servarea":"Regional","opname":"Hebrew Immigrant Aid Society","opabbrev":"Non-public","optype":"Non-public","overagency":"NYC Department of Education","overabbrev":"NYCDOE","overlevel":"City","capacity":0,"captype":null,"boro":"MANHATTAN","bin":1015097,"bbl":1008040001,"latitude":40.747422106,"longitude":-73.9928255148,"xcoord":986237.932116,"ycoord":211582.758378,"cd":105,"nta2010":"MN17","nta2020":"MN0501","council":3,"ct2010":"009500","ct2020":"009500","borocode":1,"schooldist":"02","policeprct":13,"datasource":"nysed_activeinstitutions","uid":"2599dfec312b853a44b3967a3d632a13","count":1},"geometry":{"type":"Point","coordinates":[-73.992826,40.747422]}},{"type":"Feature","properties":{"facname":"ST JOHN'S UNIVERSITY LIBRARY","addressnum":"80-00","streetname":"UTOPIA PARKWAY","address":"80-00 UTOPIA PARKWAY","city":"JAMAICA","zipcode":"11432","factype":"ACADEMIC LIBRARIES","facsubgrp":"ACADEMIC AND SPECIAL LIBRARIES","facgroup":"LIBRARIES","facdomain":"LIBRARIES AND CULTURAL PROGRAMS","servarea":"Regional","opname":"St John'S University Library","opabbrev":"Non-public","optype":"Non-public","overagency":"NYC Department of Education","overabbrev":"NYCDOE","overlevel":"City","capacity":0,"captype":null,"boro":"QUEENS","bin":4462481,"bbl":4070210001,"latitude":40.7219045063,"longitude":-73.7949738553,"xcoord":1041081.08852,"ycoord":202352.321587,"cd":408,"nta2010":"QN38","nta2020":"QN0802","council":24,"ct2010":"126700","ct2020":"126700","borocode":4,"schooldist":"29","policeprct":107,"datasource":"nysed_activeinstitutions","uid":"25e45e21092f0f165362a5d9e1c8a6d2","count":1},"geometry":{"type":"Point","coordinates":[-73.794974,40.721905]}},{"type":"Feature","properties":{"facname":"KENSINGTON LIBRARY","addressnum":"4207","streetname":"18 AVENUE","address":"4207 18 AVENUE","city":"BROOKLYN","zipcode":"11218","factype":"PUBLIC LIBRARY","facsubgrp":"PUBLIC LIBRARIES","facgroup":"LIBRARIES","facdomain":"LIBRARIES AND CULTURAL PROGRAMS","servarea":"Local","opname":"Brooklyn Public Library","opabbrev":"BPL","optype":"Public","overagency":"Brooklyn Public Library","overabbrev":"BPL","overlevel":"City","capacity":0,"captype":null,"boro":"BROOKLYN","bin":3416544,"bbl":3054160014,"latitude":40.6312737121,"longitude":-73.9754231938,"xcoord":991071.702148,"ycoord":169267.369749,"cd":314,"nta2010":"BK42","nta2020":"BK1402","council":40,"ct2010":"048000","ct2020":"048000","borocode":3,"schooldist":"22","policeprct":70,"datasource":"bpl_libraries","uid":"2889f26e09e66210862841b16bc73c7d","count":1},"geometry":{"type":"Point","coordinates":[-73.975423,40.631274]}},{"type":"Feature","properties":{"facname":"LEHMAN COLLEGE LIBRARY","addressnum":null,"streetname":null,"address":"BEDFORD PARK BLVD W","city":"BRONX","zipcode":"10468","factype":"ACADEMIC LIBRARIES","facsubgrp":"ACADEMIC AND SPECIAL LIBRARIES","facgroup":"LIBRARIES","facdomain":"LIBRARIES AND CULTURAL PROGRAMS","servarea":"Regional","opname":"Lehman College Library","opabbrev":"Non-public","optype":"Non-public","overagency":"NYC Department of Education","overabbrev":"NYCDOE","overlevel":"City","capacity":0,"captype":null,"boro":"BRONX","bin":0,"bbl":0,"latitude":40.8744790403,"longitude":-73.8916151123,"xcoord":1014224.38957,"ycoord":257892.59547,"cd":207,"nta2010":"BX28","nta2020":"BX0702","council":11,"ct2010":"040900","ct2020":"040900","borocode":2,"schooldist":"10","policeprct":52,"datasource":"nysed_activeinstitutions","uid":"2d77682816fa96c0be4ca4aa30353f52","count":1},"geometry":{"type":"Point","coordinates":[-73.891615,40.874479]}},{"type":"Feature","properties":{"facname":"ARCHIVE OF CONTEMPORY MUSIC","addressnum":null,"streetname":null,"address":"110 CHAMBERS","city":"NEW YORK","zipcode":"10007","factype":"SPECIAL LIBRARIES","facsubgrp":"ACADEMIC AND SPECIAL LIBRARIES","facgroup":"LIBRARIES","facdomain":"LIBRARIES AND CULTURAL PROGRAMS","servarea":"Regional","opname":"Archive Of Contempory Music","opabbrev":"Non-public","optype":"Non-public","overagency":"NYC Department of Education","overabbrev":"NYCDOE","overlevel":"City","capacity":0,"captype":null,"boro":"MANHATTAN","bin":0,"bbl":0,"latitude":40.7149340916,"longitude":-74.0081060302,"xcoord":982002.85673,"ycoord":199746.381885,"cd":101,"nta2010":"MN24","nta2020":"MN0102","council":1,"ct2010":"002100","ct2020":"002100","borocode":1,"schooldist":"02","policeprct":1,"datasource":"nysed_activeinstitutions","uid":"2b5641bc7ec78d5c9cbfd64b4e283f19","count":1},"geometry":{"type":"Point","coordinates":[-74.008106,40.714934]}},{"type":"Feature","properties":{"facname":"NORTH HILLS","addressnum":"57-04","streetname":"MARATHON PARKWAY","address":"57-04 MARATHON PARKWAY","city":"LITTLE NECK","zipcode":"11362","factype":"PUBLIC LIBRARY","facsubgrp":"PUBLIC LIBRARIES","facgroup":"LIBRARIES","facdomain":"LIBRARIES AND CULTURAL PROGRAMS","servarea":"Local","opname":"Queens Public Library","opabbrev":"Public","optype":"Public","overagency":"Queens Public Library","overabbrev":"QPL","overlevel":"City","capacity":0,"captype":null,"boro":"QUEENS","bin":4171760,"bbl":4082760657,"latitude":40.7592535927,"longitude":-73.7318305949,"xcoord":1058542.0295,"ycoord":216006.989397,"cd":411,"nta2010":"QN45","nta2020":"QN1103","council":23,"ct2010":"152901","ct2020":"152901","borocode":4,"schooldist":"26","policeprct":111,"datasource":"qpl_libraries","uid":"2ba2eab2f5875bac9eb775dda483fc83","count":1},"geometry":{"type":"Point","coordinates":[-73.731831,40.759254]}},{"type":"Feature","properties":{"facname":"STEINWAY","addressnum":"21-45","streetname":"31 STREET","address":"21-45 31 STREET","city":"ASTORIA","zipcode":"11105","factype":"PUBLIC LIBRARY","facsubgrp":"PUBLIC LIBRARIES","facgroup":"LIBRARIES","facdomain":"LIBRARIES AND CULTURAL PROGRAMS","servarea":"Local","opname":"Queens Public Library","opabbrev":"Public","optype":"Public","overagency":"Queens Public Library","overabbrev":"QPL","overlevel":"City","capacity":0,"captype":null,"boro":"QUEENS","bin":4016923,"bbl":4008310015,"latitude":40.7768223709,"longitude":-73.9094206937,"xcoord":1009336.95893,"ycoord":222307.13007,"cd":401,"nta2010":"QN72","nta2020":"QN0101","council":22,"ct2010":"011300","ct2020":"011300","borocode":4,"schooldist":"30","policeprct":114,"datasource":"qpl_libraries","uid":"54aa7e9f3f27ebd908bbfeff9b35624e","count":1},"geometry":{"type":"Point","coordinates":[-73.909421,40.776822]}},{"type":"Feature","properties":{"facname":"WEST FARMS LIBRARY","addressnum":"2085","streetname":"HONEYWELL AVENUE","address":"2085 HONEYWELL AVENUE","city":"BRONX","zipcode":"10460","factype":"PUBLIC LIBRARY","facsubgrp":"PUBLIC LIBRARIES","facgroup":"LIBRARIES","facdomain":"LIBRARIES AND CULTURAL PROGRAMS","servarea":"Local","opname":"New York Public Library","opabbrev":"NYPL","optype":"Public","overagency":"New York Public Library","overabbrev":"NYPL","overlevel":"City","capacity":0,"captype":null,"boro":"BRONX","bin":2013151,"bbl":2031230061,"latitude":40.8446817203,"longitude":-73.8830469968,"xcoord":1016608.43845,"ycoord":247039.338681,"cd":206,"nta2010":"BX17","nta2020":"BX0601","council":15,"ct2010":"036300","ct2020":"036300","borocode":2,"schooldist":"12","policeprct":48,"datasource":"nypl_libraries","uid":"2d562a3c6f43d5346a2a0a0f94f751a3","count":1},"geometry":{"type":"Point","coordinates":[-73.883047,40.844682]}},{"type":"Feature","properties":{"facname":"BAISLEY PARK","addressnum":"117-11","streetname":"SUTPHIN BOULEVARD","address":"117-11 SUTPHIN BOULEVARD","city":"JAMAICA","zipcode":"11436","factype":"PUBLIC LIBRARY","facsubgrp":"PUBLIC LIBRARIES","facgroup":"LIBRARIES","facdomain":"LIBRARIES AND CULTURAL PROGRAMS","servarea":"Local","opname":"Queens Public Library","opabbrev":"Public","optype":"Public","overagency":"Queens Public Library","overabbrev":"QPL","overlevel":"City","capacity":0,"captype":null,"boro":"QUEENS","bin":4264849,"bbl":4122040099,"latitude":40.6803224258,"longitude":-73.7916806295,"xcoord":1042029.9623,"ycoord":187204.92711,"cd":412,"nta2010":"QN76","nta2020":"QN1203","council":28,"ct2010":"028800","ct2020":"028801","borocode":4,"schooldist":"27","policeprct":113,"datasource":"qpl_libraries","uid":"306c7365f42bb71bbe31a6337a934ded","count":1},"geometry":{"type":"Point","coordinates":[-73.791681,40.680322]}},{"type":"Feature","properties":{"facname":"STAVROS NIARCHOS FOUNDATION LIBRARY (SNFL)","addressnum":"455","streetname":"FIFTH AVENUE","address":"455 FIFTH AVENUE","city":"NEW YORK","zipcode":"10016","factype":"PUBLIC LIBRARY","facsubgrp":"PUBLIC LIBRARIES","facgroup":"LIBRARIES","facdomain":"LIBRARIES AND CULTURAL PROGRAMS","servarea":"Local","opname":"New York Public Library","opabbrev":"NYPL","optype":"Public","overagency":"New York Public Library","overabbrev":"NYPL","overlevel":"City","capacity":0,"captype":null,"boro":"MANHATTAN","bin":1017602,"bbl":1008690074,"latitude":40.751786218,"longitude":-73.981528094,"xcoord":989367.926742,"ycoord":213173.203094,"cd":105,"nta2010":"MN20","nta2020":"MN0502","council":4,"ct2010":"008200","ct2020":"008200","borocode":1,"schooldist":"02","policeprct":14,"datasource":"nypl_libraries","uid":"30aae3a8c9b3eaae63c36361eda495e7","count":1},"geometry":{"type":"Point","coordinates":[-73.981528,40.751786]}},{"type":"Feature","properties":{"facname":"BUSHWICK LIBRARY","addressnum":"340","streetname":"BUSHWICK AVENUE","address":"340 BUSHWICK AVENUE","city":"BROOKLYN","zipcode":"11206","factype":"PUBLIC LIBRARY","facsubgrp":"PUBLIC LIBRARIES","facgroup":"LIBRARIES","facdomain":"LIBRARIES AND CULTURAL PROGRAMS","servarea":"Local","opname":"Brooklyn Public Library","opabbrev":"BPL","optype":"Public","overagency":"Brooklyn Public Library","overabbrev":"BPL","overlevel":"City","capacity":0,"captype":null,"boro":"BROOKLYN","bin":3071470,"bbl":3030980019,"latitude":40.7045623725,"longitude":-73.9396258899,"xcoord":1000989.43628,"ycoord":195973.316022,"cd":301,"nta2010":"BK78","nta2020":"BK0104","council":34,"ct2010":"048900","ct2020":"048900","borocode":3,"schooldist":"14","policeprct":90,"datasource":"bpl_libraries","uid":"314053e8e25d5c95471275d86d90b9fe","count":1},"geometry":{"type":"Point","coordinates":[-73.939626,40.704562]}},{"type":"Feature","properties":{"facname":"BRIARWOOD","addressnum":"85-12","streetname":"MAIN STREET","address":"85-12 MAIN STREET","city":"JAMAICA","zipcode":"11435","factype":"PUBLIC LIBRARY","facsubgrp":"PUBLIC LIBRARIES","facgroup":"LIBRARIES","facdomain":"LIBRARIES AND CULTURAL PROGRAMS","servarea":"Local","opname":"Queens Public Library","opabbrev":"Public","optype":"Public","overagency":"Queens Public Library","overabbrev":"QPL","overlevel":"City","capacity":0,"captype":null,"boro":"QUEENS","bin":4206518,"bbl":4096510025,"latitude":40.7100418825,"longitude":-73.8194588476,"xcoord":1034303.02434,"ycoord":198015.478339,"cd":408,"nta2010":"QN35","nta2020":"QN0805","council":24,"ct2010":"022001","ct2020":"022001","borocode":4,"schooldist":"28","policeprct":107,"datasource":"qpl_libraries","uid":"316f7da5adb8036dbf58024813ba4b4b","count":1},"geometry":{"type":"Point","coordinates":[-73.819459,40.710042]}},{"type":"Feature","properties":{"facname":"THROG'S NECK LIBRARY","addressnum":"3025","streetname":"CROSS BRONX EXPRESSWAY","address":"3025 CROSS BRONX EXPRESSWAY","city":"BRONX","zipcode":"10465","factype":"PUBLIC LIBRARY","facsubgrp":"PUBLIC LIBRARIES","facgroup":"LIBRARIES","facdomain":"LIBRARIES AND CULTURAL PROGRAMS","servarea":"Local","opname":"New York Public Library","opabbrev":"NYPL","optype":"Public","overagency":"New York Public Library","overabbrev":"NYPL","overlevel":"City","capacity":0,"captype":null,"boro":"BRONX","bin":2077131,"bbl":2054390001,"latitude":40.8229078273,"longitude":-73.8190903284,"xcoord":1034320.2676,"ycoord":239136.406577,"cd":210,"nta2010":"BX52","nta2020":"BX1002","council":13,"ct2010":"015800","ct2020":"015800","borocode":2,"schooldist":"08","policeprct":45,"datasource":"nypl_libraries","uid":"3385bf98f721fb0ee9683edb1a59a23d","count":1},"geometry":{"type":"Point","coordinates":[-73.81909,40.822908]}},{"type":"Feature","properties":{"facname":"ST. GEORGE LIBRARY CENTER","addressnum":"5","streetname":"CENTRAL AVENUE","address":"5 CENTRAL AVENUE","city":"STATEN ISLAND","zipcode":"10301","factype":"PUBLIC LIBRARY","facsubgrp":"PUBLIC LIBRARIES","facgroup":"LIBRARIES","facdomain":"LIBRARIES AND CULTURAL PROGRAMS","servarea":"Local","opname":"New York Public Library","opabbrev":"NYPL","optype":"Public","overagency":"New York Public Library","overabbrev":"NYPL","overlevel":"City","capacity":0,"captype":null,"boro":"STATEN ISLAND","bin":5000030,"bbl":5000050074,"latitude":40.6417663771,"longitude":-74.0766483057,"xcoord":962978.332735,"ycoord":173098.480356,"cd":501,"nta2010":"SI22","nta2020":"SI0101","council":49,"ct2010":"000300","ct2020":"000300","borocode":5,"schooldist":"31","policeprct":120,"datasource":"nypl_libraries","uid":"3583d175adfc7409c2c9e95a69a7dc21","count":1},"geometry":{"type":"Point","coordinates":[-74.076648,40.641766]}},{"type":"Feature","properties":{"facname":"LAURELTON","addressnum":"134-26","streetname":"225 STREET","address":"134-26 225 STREET","city":"SPRINGFIELD GARDENS","zipcode":"11413","factype":"PUBLIC LIBRARY","facsubgrp":"PUBLIC LIBRARIES","facgroup":"LIBRARIES","facdomain":"LIBRARIES AND CULTURAL PROGRAMS","servarea":"Local","opname":"Queens Public Library","opabbrev":"Public","optype":"Public","overagency":"Queens Public Library","overabbrev":"QPL","overlevel":"City","capacity":0,"captype":null,"boro":"QUEENS","bin":4281443,"bbl":4131050007,"latitude":40.6769600184,"longitude":-73.7456697821,"xcoord":1054795.16583,"ycoord":186013.611299,"cd":413,"nta2010":"QN66","nta2020":"QN1305","council":31,"ct2010":"063000","ct2020":"063000","borocode":4,"schooldist":"29","policeprct":116,"datasource":"qpl_libraries","uid":"35b24053ea8bae0d2015155a6e6e92ff","count":1},"geometry":{"type":"Point","coordinates":[-73.74567,40.67696]}},{"type":"Feature","properties":{"facname":"HUDSON RIVER PARK TRUST","addressnum":"353","streetname":"WEST STREET","address":"353 WEST STREET","city":"NEW YORK","zipcode":"10014","factype":"SPECIAL LIBRARIES","facsubgrp":"ACADEMIC AND SPECIAL LIBRARIES","facgroup":"LIBRARIES","facdomain":"LIBRARIES AND CULTURAL PROGRAMS","servarea":"Regional","opname":"Hudson River Park Trust","opabbrev":"Non-public","optype":"Non-public","overagency":"NYC Department of Education","overabbrev":"NYCDOE","overlevel":"City","capacity":0,"captype":null,"boro":"MANHATTAN","bin":1012249,"bbl":1006560001,"latitude":40.7294266975,"longitude":-74.0127272456,"xcoord":980722.536509,"ycoord":205026.636927,"cd":102,"nta2010":"MN23","nta2020":"MN0203","council":3,"ct2010":"006900","ct2020":"006900","borocode":1,"schooldist":"02","policeprct":6,"datasource":"nysed_activeinstitutions","uid":"372fb557176fa793c1c791a19ec21d2f","count":1},"geometry":{"type":"Point","coordinates":[-74.012727,40.729427]}},{"type":"Feature","properties":{"facname":"HAMILTON GRANGE LIBRARY","addressnum":"503","streetname":"WEST 145 STREET","address":"503 WEST 145 STREET","city":"NEW YORK","zipcode":"10031","factype":"PUBLIC LIBRARY","facsubgrp":"PUBLIC LIBRARIES","facgroup":"LIBRARIES","facdomain":"LIBRARIES AND CULTURAL PROGRAMS","servarea":"Local","opname":"New York Public Library","opabbrev":"NYPL","optype":"Public","overagency":"New York Public Library","overabbrev":"NYPL","overlevel":"City","capacity":0,"captype":null,"boro":"MANHATTAN","bin":1061938,"bbl":1020770026,"latitude":40.8257199642,"longitude":-73.9479989652,"xcoord":998641.69818,"ycoord":240113.53849,"cd":109,"nta2010":"MN04","nta2020":"MN0903","council":7,"ct2010":"022900","ct2020":"022900","borocode":1,"schooldist":"06","policeprct":30,"datasource":"nypl_libraries","uid":"3920ee68e11373aa6c5c07ff8baefd23","count":1},"geometry":{"type":"Point","coordinates":[-73.947999,40.82572]}},{"type":"Feature","properties":{"facname":"MELROSE LIBRARY","addressnum":"910","streetname":"MORRIS AVENUE","address":"910 MORRIS AVENUE","city":"BRONX","zipcode":"10451","factype":"PUBLIC LIBRARY","facsubgrp":"PUBLIC LIBRARIES","facgroup":"LIBRARIES","facdomain":"LIBRARIES AND CULTURAL PROGRAMS","servarea":"Local","opname":"New York Public Library","opabbrev":"NYPL","optype":"Public","overagency":"New York Public Library","overabbrev":"NYPL","overlevel":"City","capacity":0,"captype":null,"boro":"BRONX","bin":2001950,"bbl":2024220001,"latitude":40.8265945209,"longitude":-73.9175815519,"xcoord":1007059.65639,"ycoord":240438.630274,"cd":204,"nta2010":"BX14","nta2020":"BX0401","council":16,"ct2010":"017300","ct2020":"017300","borocode":2,"schooldist":"09","policeprct":44,"datasource":"nypl_libraries","uid":"3a55e205bd4a9e7992c2f308ff9b68c3","count":1},"geometry":{"type":"Point","coordinates":[-73.917582,40.826595]}},{"type":"Feature","properties":{"facname":"OZONE PARK","addressnum":"92-24","streetname":"ROCKAWAY BOULEVARD","address":"92-24 ROCKAWAY BOULEVARD","city":"OZONE PARK","zipcode":"11417","factype":"PUBLIC LIBRARY","facsubgrp":"PUBLIC LIBRARIES","facgroup":"LIBRARIES","facdomain":"LIBRARIES AND CULTURAL PROGRAMS","servarea":"Local","opname":"Queens Public Library","opabbrev":"Public","optype":"Public","overagency":"Queens Public Library","overabbrev":"QPL","overlevel":"City","capacity":0,"captype":null,"boro":"QUEENS","bin":4189526,"bbl":4091130030,"latitude":40.6808665675,"longitude":-73.8464879909,"xcoord":1026828.13146,"ycoord":187371.777461,"cd":410,"nta2010":"QN56","nta2020":"QN1002","council":32,"ct2010":"005400","ct2020":"005400","borocode":4,"schooldist":"27","policeprct":106,"datasource":"qpl_libraries","uid":"3ba7db84ef19ba4daa9b40f0b36af164","count":1},"geometry":{"type":"Point","coordinates":[-73.846488,40.680867]}},{"type":"Feature","properties":{"facname":"STAPLETON LIBRARY","addressnum":"132","streetname":"CANAL STREET","address":"132 CANAL STREET","city":"STATEN ISLAND","zipcode":"10304","factype":"PUBLIC LIBRARY","facsubgrp":"PUBLIC LIBRARIES","facgroup":"LIBRARIES","facdomain":"LIBRARIES AND CULTURAL PROGRAMS","servarea":"Local","opname":"New York Public Library","opabbrev":"NYPL","optype":"Public","overagency":"New York Public Library","overabbrev":"NYPL","overlevel":"City","capacity":0,"captype":null,"boro":"STATEN ISLAND","bin":5013792,"bbl":5005260063,"latitude":40.6261052855,"longitude":-74.0778438305,"xcoord":962641.476731,"ycoord":167393.018332,"cd":501,"nta2010":"SI37","nta2020":"SI0102","council":49,"ct2010":"002700","ct2020":"002700","borocode":5,"schooldist":"31","policeprct":120,"datasource":"nypl_libraries","uid":"3c2a37f3f3e8d57778910826b2ecca04","count":1},"geometry":{"type":"Point","coordinates":[-74.077844,40.626105]}},{"type":"Feature","properties":{"facname":"FORT WASHINGTON LIBRARY","addressnum":"535","streetname":"WEST 179 STREET","address":"535 WEST 179 STREET","city":"NEW YORK","zipcode":"10033","factype":"PUBLIC LIBRARY","facsubgrp":"PUBLIC LIBRARIES","facgroup":"LIBRARIES","facdomain":"LIBRARIES AND CULTURAL PROGRAMS","servarea":"Local","opname":"New York Public Library","opabbrev":"NYPL","optype":"Public","overagency":"New York Public Library","overabbrev":"NYPL","overlevel":"City","capacity":0,"captype":null,"boro":"MANHATTAN","bin":1063632,"bbl":1021530053,"latitude":40.8478914839,"longitude":-73.9338513837,"xcoord":1002551.05275,"ycoord":248194.085515,"cd":112,"nta2010":"MN36","nta2020":"MN1201","council":10,"ct2010":"026100","ct2020":"026100","borocode":1,"schooldist":"06","policeprct":34,"datasource":"nypl_libraries","uid":"3d18b534d686c37da2aea0e7e4548e23","count":1},"geometry":{"type":"Point","coordinates":[-73.933851,40.847891]}},{"type":"Feature","properties":{"facname":"OTTENDORFER LIBRARY","addressnum":"135","streetname":"SECOND AVENUE","address":"135 SECOND AVENUE","city":"NEW YORK","zipcode":"10003","factype":"PUBLIC LIBRARY","facsubgrp":"PUBLIC LIBRARIES","facgroup":"LIBRARIES","facdomain":"LIBRARIES AND CULTURAL PROGRAMS","servarea":"Local","opname":"New York Public Library","opabbrev":"NYPL","optype":"Public","overagency":"New York Public Library","overabbrev":"NYPL","overlevel":"City","capacity":0,"captype":null,"boro":"MANHATTAN","bin":1079841,"bbl":1004640039,"latitude":40.7289238078,"longitude":-73.9877835862,"xcoord":987635.907717,"ycoord":204843.398375,"cd":103,"nta2010":"MN22","nta2020":"MN0303","council":2,"ct2010":"003800","ct2020":"003800","borocode":1,"schooldist":"01","policeprct":9,"datasource":"nypl_libraries","uid":"3d3f893e57902717aab9d240ae69bcc2","count":1},"geometry":{"type":"Point","coordinates":[-73.987784,40.728924]}},{"type":"Feature","properties":{"facname":"YORKVILLE LIBRARY","addressnum":"222","streetname":"EAST 79 STREET","address":"222 EAST 79 STREET","city":"NEW YORK","zipcode":"10075","factype":"PUBLIC LIBRARY","facsubgrp":"PUBLIC LIBRARIES","facgroup":"LIBRARIES","facdomain":"LIBRARIES AND CULTURAL PROGRAMS","servarea":"Local","opname":"New York Public Library","opabbrev":"NYPL","optype":"Public","overagency":"New York Public Library","overabbrev":"NYPL","overlevel":"City","capacity":0,"captype":null,"boro":"MANHATTAN","bin":1044180,"bbl":1014330037,"latitude":40.773613766,"longitude":-73.9564079993,"xcoord":996323.878891,"ycoord":221128.161336,"cd":108,"nta2010":"MN31","nta2020":"MN0801","council":5,"ct2010":"013400","ct2020":"013400","borocode":1,"schooldist":"02","policeprct":19,"datasource":"nypl_libraries","uid":"3d9b5196db6329d2eaba964d0ef12244","count":1},"geometry":{"type":"Point","coordinates":[-73.956408,40.773614]}},{"type":"Feature","properties":{"facname":"ASTORIA","addressnum":"14-01","streetname":"ASTORIA BOULEVARD","address":"14-01 ASTORIA BOULEVARD","city":"ASTORIA","zipcode":"11102","factype":"PUBLIC LIBRARY","facsubgrp":"PUBLIC LIBRARIES","facgroup":"LIBRARIES","facdomain":"LIBRARIES AND CULTURAL PROGRAMS","servarea":"Local","opname":"Queens Public Library","opabbrev":"Public","optype":"Public","overagency":"Queens Public Library","overabbrev":"QPL","overlevel":"City","capacity":0,"captype":null,"boro":"QUEENS","bin":4006113,"bbl":4005400030,"latitude":40.7723888184,"longitude":-73.928723913,"xcoord":1003992.03062,"ycoord":220686.899583,"cd":401,"nta2010":"QN71","nta2020":"QN0102","council":22,"ct2010":"008300","ct2020":"008300","borocode":4,"schooldist":"30","policeprct":114,"datasource":"qpl_libraries","uid":"401f7e0459a27280abcacbc59e4a7999","count":1},"geometry":{"type":"Point","coordinates":[-73.928724,40.772389]}},{"type":"Feature","properties":{"facname":"THE NEW YORK PUBLIC LIBRARY FOR THE PERFORMING ARTS","addressnum":null,"streetname":null,"address":null,"city":"NEW YORK","zipcode":"10023","factype":"PUBLIC LIBRARY","facsubgrp":"PUBLIC LIBRARIES","facgroup":"LIBRARIES","facdomain":"LIBRARIES AND CULTURAL PROGRAMS","servarea":"Local","opname":"New York Public Library","opabbrev":"NYPL","optype":"Public","overagency":"New York Public Library","overabbrev":"NYPL","overlevel":"City","capacity":0,"captype":null,"boro":"MANHATTAN","bin":1081022,"bbl":1011340001,"latitude":40.7731553,"longitude":-73.9849449,"xcoord":988419.909829,"ycoord":220958.48094,"cd":107,"nta2010":"MN14","nta2020":"MN0701","council":6,"ct2010":"014900","ct2020":"014900","borocode":1,"schooldist":"03","policeprct":20,"datasource":"nypl_libraries","uid":"413023d0776169213c20e63d58c3ff35","count":1},"geometry":{"type":"Point","coordinates":[-73.984945,40.773155]}},{"type":"Feature","properties":{"facname":"QUEENS LIBRARY FOR TEENS","addressnum":"20-02","streetname":"CORNAGA AVENUE","address":"20-02 CORNAGA AVENUE","city":"FAR ROCKAWAY","zipcode":"11691","factype":"PUBLIC LIBRARY","facsubgrp":"PUBLIC LIBRARIES","facgroup":"LIBRARIES","facdomain":"LIBRARIES AND CULTURAL PROGRAMS","servarea":"Local","opname":"Queens Public Library","opabbrev":"Public","optype":"Public","overagency":"Queens Public Library","overabbrev":"QPL","overlevel":"City","capacity":0,"captype":null,"boro":"QUEENS","bin":4588563,"bbl":4157040001,"latitude":40.6025047902,"longitude":-73.753560108,"xcoord":1052682.89703,"ycoord":158881.401843,"cd":414,"nta2010":"QN15","nta2020":"QN1401","council":31,"ct2010":"100802","ct2020":"100803","borocode":4,"schooldist":"27","policeprct":101,"datasource":"qpl_libraries","uid":"422f20e7c57319e1cb58602331b503dd","count":1},"geometry":{"type":"Point","coordinates":[-73.75356,40.602505]}},{"type":"Feature","properties":{"facname":"WOODLAWN HEIGHTS LIBRARY","addressnum":"4355","streetname":"KATONAH AVENUE","address":"4355 KATONAH AVENUE","city":"BRONX","zipcode":"10470","factype":"PUBLIC LIBRARY","facsubgrp":"PUBLIC LIBRARIES","facgroup":"LIBRARIES","facdomain":"LIBRARIES AND CULTURAL PROGRAMS","servarea":"Local","opname":"New York Public Library","opabbrev":"NYPL","optype":"Public","overagency":"New York Public Library","overabbrev":"NYPL","overlevel":"City","capacity":0,"captype":null,"boro":"BRONX","bin":2019288,"bbl":2033800054,"latitude":40.9004468341,"longitude":-73.8679486582,"xcoord":1020755.2003,"ycoord":267362.684836,"cd":212,"nta2010":"BX62","nta2020":"BX1203","council":11,"ct2010":"044902","ct2020":"044902","borocode":2,"schooldist":"11","policeprct":47,"datasource":"nypl_libraries","uid":"4230d4e5cb8252c60a8d3bd0167764f5","count":1},"geometry":{"type":"Point","coordinates":[-73.867949,40.900447]}},{"type":"Feature","properties":{"facname":"MILL BASIN LIBRARY","addressnum":null,"streetname":null,"address":"2385 RALPH AVE (NEAR AVE N) BROOKLYN, NY 11234","city":"BROOKLYN","zipcode":"11234","factype":"PUBLIC LIBRARY","facsubgrp":"PUBLIC LIBRARIES","facgroup":"LIBRARIES","facdomain":"LIBRARIES AND CULTURAL PROGRAMS","servarea":"Local","opname":"Brooklyn Public Library","opabbrev":"BPL","optype":"Public","overagency":"Brooklyn Public Library","overabbrev":"BPL","overlevel":"City","capacity":0,"captype":null,"boro":"BROOKLYN","bin":3235910,"bbl":3083630009,"latitude":40.6199454,"longitude":-73.9169226,"xcoord":1007313.42801,"ycoord":165150.144419,"cd":318,"nta2010":"BK45","nta2020":"BK1802","council":46,"ct2010":"069602","ct2020":"069602","borocode":3,"schooldist":"22","policeprct":63,"datasource":"bpl_libraries","uid":"4338ee51fde1761931f08e858ee74bf7","count":1},"geometry":{"type":"Point","coordinates":[-73.916923,40.619945]}},{"type":"Feature","properties":{"facname":"PORT RICHMOND LIBRARY","addressnum":"75","streetname":"BENNETT STREET","address":"75 BENNETT STREET","city":"STATEN ISLAND","zipcode":"10302","factype":"PUBLIC LIBRARY","facsubgrp":"PUBLIC LIBRARIES","facgroup":"LIBRARIES","facdomain":"LIBRARIES AND CULTURAL PROGRAMS","servarea":"Local","opname":"New York Public Library","opabbrev":"NYPL","optype":"Public","overagency":"New York Public Library","overabbrev":"NYPL","overlevel":"City","capacity":0,"captype":null,"boro":"STATEN ISLAND","bin":5023763,"bbl":5010070026,"latitude":40.6375933559,"longitude":-74.1311058353,"xcoord":947862.849545,"ycoord":171596.059253,"cd":501,"nta2010":"SI28","nta2020":"SI0106","council":49,"ct2010":"020700","ct2020":"020702","borocode":5,"schooldist":"31","policeprct":121,"datasource":"nypl_libraries","uid":"439d37ec9e01ec3d1eb6fc238f76aec4","count":1},"geometry":{"type":"Point","coordinates":[-74.131106,40.637593]}},{"type":"Feature","properties":{"facname":"SARATOGA LIBRARY","addressnum":null,"streetname":null,"address":null,"city":"BROOKLYN","zipcode":"11233","factype":"PUBLIC LIBRARY","facsubgrp":"PUBLIC LIBRARIES","facgroup":"LIBRARIES","facdomain":"LIBRARIES AND CULTURAL PROGRAMS","servarea":"Local","opname":"Brooklyn Public Library","opabbrev":"BPL","optype":"Public","overagency":"Brooklyn Public Library","overabbrev":"BPL","overlevel":"City","capacity":0,"captype":null,"boro":"BROOKLYN","bin":3040218,"bbl":3014980035,"latitude":40.684789,"longitude":-73.915177,"xcoord":1007775.15429,"ycoord":188774.914674,"cd":316,"nta2010":"BK79","nta2020":"BK1601","council":41,"ct2010":"037300","ct2020":"037300","borocode":3,"schooldist":"23","policeprct":73,"datasource":"bpl_libraries","uid":"43bf473636a341b1f0ae25ce72c77974","count":1},"geometry":{"type":"Point","coordinates":[-73.915177,40.684789]}},{"type":"Feature","properties":{"facname":"PUERTO RICAN CULTURAL HER. LIBRARY","addressnum":"1","streetname":"EAST 104 STREET","address":"1 EAST 104 STREET","city":"NEW YORK","zipcode":"10029","factype":"SPECIAL LIBRARIES","facsubgrp":"ACADEMIC AND SPECIAL LIBRARIES","facgroup":"LIBRARIES","facdomain":"LIBRARIES AND CULTURAL PROGRAMS","servarea":"Regional","opname":"Puerto Rican Cultural Her. Library","opabbrev":"Non-public","optype":"Non-public","overagency":"NYC Department of Education","overabbrev":"NYCDOE","overlevel":"City","capacity":0,"captype":null,"boro":"MANHATTAN","bin":1051499,"bbl":1016100001,"latitude":40.7931021387,"longitude":-73.9513671713,"xcoord":997716.118311,"ycoord":228229.17241,"cd":111,"nta2010":"MN33","nta2020":"MN1101","council":8,"ct2010":"016800","ct2020":"016800","borocode":1,"schooldist":"04","policeprct":23,"datasource":"nysed_activeinstitutions","uid":"44799470b8a9cd3eb12adc68a31f51d5","count":1},"geometry":{"type":"Point","coordinates":[-73.951367,40.793102]}},{"type":"Feature","properties":{"facname":"ARLINGTON LIBRARY","addressnum":null,"streetname":null,"address":null,"city":"BROOKLYN","zipcode":"11207","factype":"PUBLIC LIBRARY","facsubgrp":"PUBLIC LIBRARIES","facgroup":"LIBRARIES","facdomain":"LIBRARIES AND CULTURAL PROGRAMS","servarea":"Local","opname":"Brooklyn Public Library","opabbrev":"BPL","optype":"Public","overagency":"Brooklyn Public Library","overabbrev":"BPL","overlevel":"City","capacity":0,"captype":null,"boro":"BROOKLYN","bin":3087001,"bbl":3039230052,"latitude":40.6806631,"longitude":-73.8873421,"xcoord":1015496.92767,"ycoord":187280.432992,"cd":305,"nta2010":"BK83","nta2020":"BK0501","council":37,"ct2010":"117201","ct2020":"117201","borocode":3,"schooldist":"19","policeprct":75,"datasource":"bpl_libraries","uid":"44c0c4587dedb582034cccb4e2f437b1","count":1},"geometry":{"type":"Point","coordinates":[-73.887342,40.680663]}},{"type":"Feature","properties":{"facname":"JAMAICA BAY LIBRARY","addressnum":null,"streetname":null,"address":null,"city":"BROOKLYN","zipcode":"11236","factype":"PUBLIC LIBRARY","facsubgrp":"PUBLIC LIBRARIES","facgroup":"LIBRARIES","facdomain":"LIBRARIES AND CULTURAL PROGRAMS","servarea":"Local","opname":"Brooklyn Public Library","opabbrev":"BPL","optype":"Public","overagency":"Brooklyn Public Library","overabbrev":"BPL","overlevel":"City","capacity":0,"captype":null,"boro":"BROOKLYN","bin":3234514,"bbl":3083000001,"latitude":40.634485,"longitude":-73.889271,"xcoord":1014983.19264,"ycoord":170455.795653,"cd":318,"nta2010":"BK50","nta2020":"BK1803","council":46,"ct2010":"102200","ct2020":"102200","borocode":3,"schooldist":"18","policeprct":69,"datasource":"bpl_libraries","uid":"451ce0915c725e5556ffb4bebc75f208","count":1},"geometry":{"type":"Point","coordinates":[-73.889271,40.634485]}},{"type":"Feature","properties":{"facname":"CENTER FOR JEWISH HISTORY","addressnum":"15","streetname":"WEST 16 STREET","address":"15 WEST 16 STREET","city":"NEW YORK","zipcode":"10011","factype":"SPECIAL LIBRARIES","facsubgrp":"ACADEMIC AND SPECIAL LIBRARIES","facgroup":"LIBRARIES","facdomain":"LIBRARIES AND CULTURAL PROGRAMS","servarea":"Regional","opname":"Center For Jewish History","opabbrev":"Non-public","optype":"Non-public","overagency":"NYC Department of Education","overabbrev":"NYCDOE","overlevel":"City","capacity":0,"captype":null,"boro":"MANHATTAN","bin":1080631,"bbl":1008180027,"latitude":40.7380713971,"longitude":-73.993804173,"xcoord":985967.002972,"ycoord":208175.976735,"cd":105,"nta2010":"MN13","nta2020":"MN0501","council":3,"ct2010":"005400","ct2020":"005400","borocode":1,"schooldist":"02","policeprct":13,"datasource":"nysed_activeinstitutions","uid":"46c531a7c587e4cb934bdd80b2352de5","count":1},"geometry":{"type":"Point","coordinates":[-73.993804,40.738071]}},{"type":"Feature","properties":{"facname":"COUNTEE CULLEN LIBRARY","addressnum":"104","streetname":"WEST 136 STREET","address":"104 WEST 136 STREET","city":"NEW YORK","zipcode":"10030","factype":"PUBLIC LIBRARY","facsubgrp":"PUBLIC LIBRARIES","facgroup":"LIBRARIES","facdomain":"LIBRARIES AND CULTURAL PROGRAMS","servarea":"Local","opname":"New York Public Library","opabbrev":"NYPL","optype":"Public","overagency":"New York Public Library","overabbrev":"NYPL","overlevel":"City","capacity":0,"captype":null,"boro":"MANHATTAN","bin":1058275,"bbl":1019200026,"latitude":40.8147630429,"longitude":-73.9412063303,"xcoord":1000524.29278,"ycoord":236122.725619,"cd":110,"nta2010":"MN03","nta2020":"MN1002","council":9,"ct2010":"022800","ct2020":"022800","borocode":1,"schooldist":"05","policeprct":32,"datasource":"nypl_libraries","uid":"4a241334f5de230291220a27606d56fa","count":1},"geometry":{"type":"Point","coordinates":[-73.941206,40.814763]}},{"type":"Feature","properties":{"facname":"MASPETH","addressnum":"69-70","streetname":"GRAND AVENUE","address":"69-70 GRAND AVENUE","city":"MASPETH","zipcode":"11378","factype":"PUBLIC LIBRARY","facsubgrp":"PUBLIC LIBRARIES","facgroup":"LIBRARIES","facdomain":"LIBRARIES AND CULTURAL PROGRAMS","servarea":"Local","opname":"Queens Public Library","opabbrev":"Public","optype":"Public","overagency":"Queens Public Library","overabbrev":"QPL","overlevel":"City","capacity":0,"captype":null,"boro":"QUEENS","bin":4308052,"bbl":4027960008,"latitude":40.7269828871,"longitude":-73.8930855172,"xcoord":1013883.33037,"ycoord":204154.108639,"cd":405,"nta2010":"QN30","nta2020":"QN0501","council":30,"ct2010":"049302","ct2020":"049302","borocode":4,"schooldist":"24","policeprct":104,"datasource":"qpl_libraries","uid":"4be03ef0e723354f5e3d1e5a1758607b","count":1},"geometry":{"type":"Point","coordinates":[-73.893086,40.726983]}},{"type":"Feature","properties":{"facname":"MOTT HAVEN LIBRARY","addressnum":"321","streetname":"EAST 140 STREET","address":"321 EAST 140 STREET","city":"BRONX","zipcode":"10454","factype":"PUBLIC LIBRARY","facsubgrp":"PUBLIC LIBRARIES","facgroup":"LIBRARIES","facdomain":"LIBRARIES AND CULTURAL PROGRAMS","servarea":"Local","opname":"New York Public Library","opabbrev":"NYPL","optype":"Public","overagency":"New York Public Library","overabbrev":"NYPL","overlevel":"City","capacity":0,"captype":null,"boro":"BRONX","bin":2000744,"bbl":2023150018,"latitude":40.8116357791,"longitude":-73.9243762205,"xcoord":1005183.90847,"ycoord":234986.926406,"cd":201,"nta2010":"BX39","nta2020":"BX0101","council":8,"ct2010":"003900","ct2020":"003900","borocode":2,"schooldist":"07","policeprct":40,"datasource":"nypl_libraries","uid":"4c0e0398476b5abe2c2cb16159fb0b8a","count":1},"geometry":{"type":"Point","coordinates":[-73.924376,40.811636]}},{"type":"Feature","properties":{"facname":"MORNINGSIDE HEIGHTS LIBRARY","addressnum":"2900","streetname":"BROADWAY","address":"2900 BROADWAY","city":"NEW YORK","zipcode":"10025","factype":"PUBLIC LIBRARY","facsubgrp":"PUBLIC LIBRARIES","facgroup":"LIBRARIES","facdomain":"LIBRARIES AND CULTURAL PROGRAMS","servarea":"Local","opname":"New York Public Library","opabbrev":"NYPL","optype":"Public","overagency":"New York Public Library","overabbrev":"NYPL","overlevel":"City","capacity":0,"captype":null,"boro":"MANHATTAN","bin":1057018,"bbl":1018857501,"latitude":40.8061335178,"longitude":-73.9646714553,"xcoord":994030.332849,"ycoord":232975.193339,"cd":109,"nta2010":"MN09","nta2020":"MN0901","council":7,"ct2010":"019900","ct2020":"019900","borocode":1,"schooldist":"03","policeprct":26,"datasource":"nypl_libraries","uid":"4dff6715bba742f6d2cd9780c8c8df6a","count":1},"geometry":{"type":"Point","coordinates":[-73.964671,40.806134]}},{"type":"Feature","properties":{"facname":"SCHOMBURG CENTER FOR RESEARCH IN BLACK CULTURE","addressnum":null,"streetname":null,"address":null,"city":"NEW YORK","zipcode":"10030","factype":"PUBLIC LIBRARY","facsubgrp":"PUBLIC LIBRARIES","facgroup":"LIBRARIES","facdomain":"LIBRARIES AND CULTURAL PROGRAMS","servarea":"Local","opname":"New York Public Library","opabbrev":"NYPL","optype":"Public","overagency":"New York Public Library","overabbrev":"NYPL","overlevel":"City","capacity":0,"captype":null,"boro":"MANHATTAN","bin":1058276,"bbl":1019200029,"latitude":40.8144,"longitude":-73.941,"xcoord":1000581.49481,"ycoord":235990.494519,"cd":110,"nta2010":"MN03","nta2020":"MN1002","council":9,"ct2010":"022800","ct2020":"022800","borocode":1,"schooldist":"05","policeprct":32,"datasource":"nypl_libraries","uid":"529a78f91d446522046a121e93f796e8","count":1},"geometry":{"type":"Point","coordinates":[-73.941,40.8144]}},{"type":"Feature","properties":{"facname":"EASTERN PARKWAY LEARNING CENTER","addressnum":null,"streetname":null,"address":"1044 EASTERN PARKWAY - 2ND FLOOR BROOKLYN, NY 11213","city":"BROOKLYN","zipcode":"11213","factype":"PUBLIC LIBRARY","facsubgrp":"PUBLIC LIBRARIES","facgroup":"LIBRARIES","facdomain":"LIBRARIES AND CULTURAL PROGRAMS","servarea":"Local","opname":"Brooklyn Public Library","opabbrev":"BPL","optype":"Public","overagency":"Brooklyn Public Library","overabbrev":"BPL","overlevel":"City","capacity":0,"captype":null,"boro":"BROOKLYN","bin":3037543,"bbl":3013960006,"latitude":40.6684861,"longitude":-73.93364,"xcoord":1002659.05183,"ycoord":182830.88357,"cd":309,"nta2010":"BK61","nta2020":"BK0901","council":35,"ct2010":"035100","ct2020":"035102","borocode":3,"schooldist":"17","policeprct":71,"datasource":"bpl_libraries","uid":"53fbbadda873f448d10fd7fc4e455f97","count":1},"geometry":{"type":"Point","coordinates":[-73.93364,40.668486]}},{"type":"Feature","properties":{"facname":"BAY TERRACE","addressnum":"18-36","streetname":"BELL BOULEVARD","address":"18-36 BELL BOULEVARD","city":"BAYSIDE","zipcode":"11360","factype":"PUBLIC LIBRARY","facsubgrp":"PUBLIC LIBRARIES","facgroup":"LIBRARIES","facdomain":"LIBRARIES AND CULTURAL PROGRAMS","servarea":"Local","opname":"Queens Public Library","opabbrev":"Public","optype":"Public","overagency":"Queens Public Library","overabbrev":"QPL","overlevel":"City","capacity":0,"captype":null,"boro":"QUEENS","bin":4131148,"bbl":4058650082,"latitude":40.7825359852,"longitude":-73.7770147104,"xcoord":1046002.93234,"ycoord":224454.420861,"cd":407,"nta2010":"QN47","nta2020":"QN0703","council":19,"ct2010":"099704","ct2020":"099704","borocode":4,"schooldist":"25","policeprct":109,"datasource":"qpl_libraries","uid":"56f169837f053351a68fd251e86ca8d4","count":1},"geometry":{"type":"Point","coordinates":[-73.777015,40.782536]}},{"type":"Feature","properties":{"facname":"TERENCE CARDINAL COOKE-CATHEDRAL LIBRARY","addressnum":"560","streetname":"LEXINGTON AVENUE","address":"560 LEXINGTON AVENUE","city":"NEW YORK","zipcode":"10022","factype":"PUBLIC LIBRARY","facsubgrp":"PUBLIC LIBRARIES","facgroup":"LIBRARIES","facdomain":"LIBRARIES AND CULTURAL PROGRAMS","servarea":"Local","opname":"New York Public Library","opabbrev":"NYPL","optype":"Public","overagency":"New York Public Library","overabbrev":"NYPL","overlevel":"City","capacity":0,"captype":null,"boro":"MANHATTAN","bin":1036451,"bbl":1013050013,"latitude":40.7568632215,"longitude":-73.9726363406,"xcoord":991830.946406,"ycoord":215023.56463,"cd":105,"nta2010":"MN19","nta2020":"MN0604","council":4,"ct2010":"010000","ct2020":"010000","borocode":1,"schooldist":"02","policeprct":18,"datasource":"nypl_libraries","uid":"57611a33c42955afa4b29add9a2788a2","count":1},"geometry":{"type":"Point","coordinates":[-73.972636,40.756863]}},{"type":"Feature","properties":{"facname":"MARCY LIBRARY","addressnum":null,"streetname":null,"address":null,"city":"BROOKLYN","zipcode":"11206","factype":"PUBLIC LIBRARY","facsubgrp":"PUBLIC LIBRARIES","facgroup":"LIBRARIES","facdomain":"LIBRARIES AND CULTURAL PROGRAMS","servarea":"Local","opname":"Brooklyn Public Library","opabbrev":"BPL","optype":"Public","overagency":"Brooklyn Public Library","overabbrev":"BPL","overlevel":"City","capacity":0,"captype":null,"boro":"BROOKLYN","bin":3049472,"bbl":3017740081,"latitude":40.6916309,"longitude":-73.9512645,"xcoord":997765.115489,"ycoord":191259.988174,"cd":303,"nta2010":"BK75","nta2020":"BK0301","council":36,"ct2010":"025300","ct2020":"025300","borocode":3,"schooldist":"13","policeprct":79,"datasource":"bpl_libraries","uid":"57b8a38e74adf3ea4ae1491eb7479166","count":1},"geometry":{"type":"Point","coordinates":[-73.951264,40.691631]}},{"type":"Feature","properties":{"facname":"TREMONT LIBRARY","addressnum":"1866","streetname":"WASHINGTON AVENUE","address":"1866 WASHINGTON AVENUE","city":"BRONX","zipcode":"10457","factype":"PUBLIC LIBRARY","facsubgrp":"PUBLIC LIBRARIES","facgroup":"LIBRARIES","facdomain":"LIBRARIES AND CULTURAL PROGRAMS","servarea":"Local","opname":"New York Public Library","opabbrev":"NYPL","optype":"Public","overagency":"New York Public Library","overabbrev":"NYPL","overlevel":"City","capacity":0,"captype":null,"boro":"BRONX","bin":2009573,"bbl":2029180001,"latitude":40.8460528369,"longitude":-73.898347751,"xcoord":1012374.46361,"ycoord":247533.605449,"cd":206,"nta2010":"BX01","nta2020":"BX0602","council":15,"ct2010":"039500","ct2020":"039500","borocode":2,"schooldist":"09","policeprct":48,"datasource":"nypl_libraries","uid":"5ad8b68e57686b852d766cff3004f926","count":1},"geometry":{"type":"Point","coordinates":[-73.898348,40.846053]}},{"type":"Feature","properties":{"facname":"SPUYTEN DUYVIL LIBRARY","addressnum":"650","streetname":"WEST 235 STREET","address":"650 WEST 235 STREET","city":"BRONX","zipcode":"10463","factype":"PUBLIC LIBRARY","facsubgrp":"PUBLIC LIBRARIES","facgroup":"LIBRARIES","facdomain":"LIBRARIES AND CULTURAL PROGRAMS","servarea":"Local","opname":"New York Public Library","opabbrev":"NYPL","optype":"Public","overagency":"New York Public Library","overabbrev":"NYPL","overlevel":"City","capacity":0,"captype":null,"boro":"BRONX","bin":2085867,"bbl":2059150070,"latitude":40.8862807253,"longitude":-73.9146784376,"xcoord":1007841.92434,"ycoord":262185.366786,"cd":208,"nta2010":"BX22","nta2020":"BX0803","council":11,"ct2010":"030900","ct2020":"030900","borocode":2,"schooldist":"10","policeprct":50,"datasource":"nypl_libraries","uid":"5cd56fba44846deb250f45e59c8332b1","count":1},"geometry":{"type":"Point","coordinates":[-73.914678,40.886281]}},{"type":"Feature","properties":{"facname":"WESTCHESTER SQUARE LIBRARY","addressnum":"2521","streetname":"GLEBE AVENUE","address":"2521 GLEBE AVENUE","city":"BRONX","zipcode":"10461","factype":"PUBLIC LIBRARY","facsubgrp":"PUBLIC LIBRARIES","facgroup":"LIBRARIES","facdomain":"LIBRARIES AND CULTURAL PROGRAMS","servarea":"Local","opname":"New York Public Library","opabbrev":"NYPL","optype":"Public","overagency":"New York Public Library","overabbrev":"NYPL","overlevel":"City","capacity":0,"captype":null,"boro":"BRONX","bin":2041911,"bbl":2039860034,"latitude":40.8411198984,"longitude":-73.8466191218,"xcoord":1026689.52919,"ycoord":245757.187338,"cd":210,"nta2010":"BX37","nta2020":"BX1001","council":18,"ct2010":"020000","ct2020":"020000","borocode":2,"schooldist":"11","policeprct":45,"datasource":"nypl_libraries","uid":"5d80002be33c91d7ef81b8bd61c7f517","count":1},"geometry":{"type":"Point","coordinates":[-73.846619,40.84112]}},{"type":"Feature","properties":{"facname":"SOUTH JAMAICA","addressnum":"108-41","streetname":"GUY R BREWER BOULEVARD","address":"108-41 GUY R BREWER BOULEVARD","city":"JAMAICA","zipcode":"11433","factype":"PUBLIC LIBRARY","facsubgrp":"PUBLIC LIBRARIES","facgroup":"LIBRARIES","facdomain":"LIBRARIES AND CULTURAL PROGRAMS","servarea":"Local","opname":"Queens Public Library","opabbrev":"Public","optype":"Public","overagency":"Queens Public Library","overabbrev":"QPL","overlevel":"City","capacity":0,"captype":null,"boro":"QUEENS","bin":4539786,"bbl":4101710008,"latitude":40.6956384216,"longitude":-73.7901788532,"xcoord":1042433.13189,"ycoord":192785.969575,"cd":412,"nta2010":"QN01","nta2020":"QN1202","council":27,"ct2010":"025800","ct2020":"025800","borocode":4,"schooldist":"28","policeprct":103,"datasource":"qpl_libraries","uid":"5eb8c82a24f67ecd5f1fcd0094f08977","count":1},"geometry":{"type":"Point","coordinates":[-73.790179,40.695638]}},{"type":"Feature","properties":{"facname":"VAN CORTLANDT LIBRARY, ARLINE SCHWARZMAN BUILDING","addressnum":"3882","streetname":"CANNON PLACE","address":"3882 CANNON PLACE","city":"BRONX","zipcode":"10463","factype":"PUBLIC LIBRARY","facsubgrp":"PUBLIC LIBRARIES","facgroup":"LIBRARIES","facdomain":"LIBRARIES AND CULTURAL PROGRAMS","servarea":"Local","opname":"New York Public Library","opabbrev":"NYPL","optype":"Public","overagency":"New York Public Library","overabbrev":"NYPL","overlevel":"City","capacity":0,"captype":null,"boro":"BRONX","bin":2116521,"bbl":2032630258,"latitude":40.8836360487,"longitude":-73.8944885204,"xcoord":1013425.71585,"ycoord":261227.886232,"cd":208,"nta2010":"BX28","nta2020":"BX0801","council":11,"ct2010":"027900","ct2020":"027900","borocode":2,"schooldist":"10","policeprct":50,"datasource":"nypl_libraries","uid":"5f712739e9d0d040ce8acf7725953a74","count":1},"geometry":{"type":"Point","coordinates":[-73.894489,40.883636]}},{"type":"Feature","properties":{"facname":"PARKCHESTER LIBRARY","addressnum":"1985","streetname":"WESTCHESTER AVENUE","address":"1985 WESTCHESTER AVENUE","city":"BRONX","zipcode":"10462","factype":"PUBLIC LIBRARY","facsubgrp":"PUBLIC LIBRARIES","facgroup":"LIBRARIES","facdomain":"LIBRARIES AND CULTURAL PROGRAMS","servarea":"Local","opname":"New York Public Library","opabbrev":"NYPL","optype":"Public","overagency":"New York Public Library","overabbrev":"NYPL","overlevel":"City","capacity":0,"captype":null,"boro":"BRONX","bin":2028890,"bbl":2039300059,"latitude":40.8337678169,"longitude":-73.8583561777,"xcoord":1023446.29354,"ycoord":243073.085143,"cd":209,"nta2010":"BX46","nta2020":"BX0904","council":18,"ct2010":"022200","ct2020":"022200","borocode":2,"schooldist":"11","policeprct":43,"datasource":"nypl_libraries","uid":"6011ab9825262c85e7922e6b103f14e2","count":1},"geometry":{"type":"Point","coordinates":[-73.858356,40.833768]}},{"type":"Feature","properties":{"facname":"BROOKLYN HEIGHTS LIBRARY","addressnum":"286","streetname":"CADMAN PLAZA WEST","address":"286 CADMAN PLAZA WEST","city":"BROOKLYN","zipcode":"11201","factype":"PUBLIC LIBRARY","facsubgrp":"PUBLIC LIBRARIES","facgroup":"LIBRARIES","facdomain":"LIBRARIES AND CULTURAL PROGRAMS","servarea":"Local","opname":"Brooklyn Public Library","opabbrev":"BPL","optype":"Public","overagency":"Brooklyn Public Library","overabbrev":"BPL","overlevel":"City","capacity":0,"captype":null,"boro":"BROOKLYN","bin":3421378,"bbl":3002397501,"latitude":40.6956853672,"longitude":-73.9914394426,"xcoord":986623.832064,"ycoord":192733.50634,"cd":302,"nta2010":"BK09","nta2020":"BK0201","council":33,"ct2010":"000502","ct2020":"000502","borocode":3,"schooldist":"13","policeprct":84,"datasource":"bpl_libraries","uid":"6061b9b5537def1675ddfe4850561145","count":1},"geometry":{"type":"Point","coordinates":[-73.991439,40.695685]}},{"type":"Feature","properties":{"facname":"OLD YORK LIBRARY","addressnum":"120","streetname":"EAST 61 STREET","address":"120 EAST 61 STREET","city":"NEW YORK","zipcode":"10065","factype":"SPECIAL LIBRARIES","facsubgrp":"ACADEMIC AND SPECIAL LIBRARIES","facgroup":"LIBRARIES","facdomain":"LIBRARIES AND CULTURAL PROGRAMS","servarea":"Regional","opname":"Old York Library","opabbrev":"Non-public","optype":"Non-public","overagency":"NYC Department of Education","overabbrev":"NYCDOE","overlevel":"City","capacity":0,"captype":null,"boro":"MANHATTAN","bin":1041946,"bbl":1013950064,"latitude":40.7636316917,"longitude":-73.9681684635,"xcoord":993067.85022,"ycoord":217489.958084,"cd":108,"nta2010":"MN40","nta2020":"MN0802","council":4,"ct2010":"011402","ct2020":"011402","borocode":1,"schooldist":"02","policeprct":19,"datasource":"nysed_activeinstitutions","uid":"6099e813be875bd2f68b575b0312b302","count":1},"geometry":{"type":"Point","coordinates":[-73.968168,40.763632]}},{"type":"Feature","properties":{"facname":"VAN ALEN INSTITUTE","addressnum":"30","streetname":"WEST 22 STREET","address":"30 WEST 22 STREET","city":"NEW YORK","zipcode":"10010","factype":"SPECIAL LIBRARIES","facsubgrp":"ACADEMIC AND SPECIAL LIBRARIES","facgroup":"LIBRARIES","facdomain":"LIBRARIES AND CULTURAL PROGRAMS","servarea":"Regional","opname":"Van Alen Institute","opabbrev":"Non-public","optype":"Non-public","overagency":"NYC Department of Education","overabbrev":"NYCDOE","overlevel":"City","capacity":0,"captype":null,"boro":"MANHATTAN","bin":1015541,"bbl":1008230059,"latitude":40.741394365,"longitude":-73.9918303053,"xcoord":986513.89316,"ycoord":209386.684086,"cd":105,"nta2010":"MN13","nta2020":"MN0501","council":3,"ct2010":"005800","ct2020":"005800","borocode":1,"schooldist":"02","policeprct":13,"datasource":"nysed_activeinstitutions","uid":"619d55a5c5250d1b3aa1aa40f42d6efc","count":1},"geometry":{"type":"Point","coordinates":[-73.99183,40.741394]}},{"type":"Feature","properties":{"facname":"KINGSBRIDGE LIBRARY","addressnum":"291","streetname":"WEST 231 STREET","address":"291 WEST 231 STREET","city":"BRONX","zipcode":"10463","factype":"PUBLIC LIBRARY","facsubgrp":"PUBLIC LIBRARIES","facgroup":"LIBRARIES","facdomain":"LIBRARIES AND CULTURAL PROGRAMS","servarea":"Local","opname":"New York Public Library","opabbrev":"NYPL","optype":"Public","overagency":"New York Public Library","overabbrev":"NYPL","overlevel":"City","capacity":0,"captype":null,"boro":"BRONX","bin":2119474,"bbl":2057130123,"latitude":40.8807292781,"longitude":-73.9077085056,"xcoord":1009771.28269,"ycoord":260164.706466,"cd":208,"nta2010":"BX29","nta2020":"BX0802","council":11,"ct2010":"028900","ct2020":"028900","borocode":2,"schooldist":"10","policeprct":50,"datasource":"nypl_libraries","uid":"61f9d318fc837d2e4dcdf8c1119f2bdf","count":1},"geometry":{"type":"Point","coordinates":[-73.907709,40.880729]}},{"type":"Feature","properties":{"facname":"PACIFIC LIBRARY","addressnum":null,"streetname":null,"address":null,"city":"BROOKLYN","zipcode":"11217","factype":"PUBLIC LIBRARY","facsubgrp":"PUBLIC LIBRARIES","facgroup":"LIBRARIES","facdomain":"LIBRARIES AND CULTURAL PROGRAMS","servarea":"Local","opname":"Brooklyn Public Library","opabbrev":"BPL","optype":"Public","overagency":"Brooklyn Public Library","overabbrev":"BPL","overlevel":"City","capacity":0,"captype":null,"boro":"BROOKLYN","bin":3018376,"bbl":3009280006,"latitude":40.683449,"longitude":-73.978549,"xcoord":990199.427622,"ycoord":188276.0522,"cd":306,"nta2010":"BK37","nta2020":"BK0602","council":39,"ct2010":"012901","ct2020":"012901","borocode":3,"schooldist":"15","policeprct":78,"datasource":"bpl_libraries","uid":"62645893b29a5d06e8f3a316d52ee020","count":1},"geometry":{"type":"Point","coordinates":[-73.978549,40.683449]}},{"type":"Feature","properties":{"facname":"THE GENERAL SOCIETY LIBRARY","addressnum":"20","streetname":"WEST 44 STREET","address":"20 WEST 44 STREET","city":"NEW YORK","zipcode":"10036","factype":"SPECIAL LIBRARIES","facsubgrp":"ACADEMIC AND SPECIAL LIBRARIES","facgroup":"LIBRARIES","facdomain":"LIBRARIES AND CULTURAL PROGRAMS","servarea":"Regional","opname":"The Library Of The General Society Of Mechanics And Tradesmen","opabbrev":"Non-public","optype":"Non-public","overagency":"NYC Department of Education","overabbrev":"NYCDOE","overlevel":"City","capacity":0,"captype":null,"boro":"MANHATTAN","bin":1034214,"bbl":1012590048,"latitude":40.7551284953,"longitude":-73.981347548,"xcoord":989417.690507,"ycoord":214390.913576,"cd":105,"nta2010":"MN17","nta2020":"MN0502","council":4,"ct2010":"009600","ct2020":"009600","borocode":1,"schooldist":"02","policeprct":14,"datasource":"nysed_activeinstitutions","uid":"63173af02d90b2c83686be3a4fbcb756","count":1},"geometry":{"type":"Point","coordinates":[-73.981348,40.755128]}},{"type":"Feature","properties":{"facname":"SOUTH BEACH LIBRARY","addressnum":"41","streetname":"FATHER CAPODANNO BOULEVARD","address":"41 FATHER CAPODANNO BOULEVARD","city":"STATEN ISLAND","zipcode":"10305","factype":"PUBLIC LIBRARY","facsubgrp":"PUBLIC LIBRARIES","facgroup":"LIBRARIES","facdomain":"LIBRARIES AND CULTURAL PROGRAMS","servarea":"Local","opname":"New York Public Library","opabbrev":"NYPL","optype":"Public","overagency":"New York Public Library","overabbrev":"NYPL","overlevel":"City","capacity":0,"captype":null,"boro":"STATEN ISLAND","bin":5129317,"bbl":5031210001,"latitude":40.5958101382,"longitude":-74.0630280987,"xcoord":966746.205624,"ycoord":156352.403775,"cd":502,"nta2010":"SI14","nta2020":"SI0201","council":50,"ct2010":"007400","ct2020":"007400","borocode":5,"schooldist":"31","policeprct":122,"datasource":"nypl_libraries","uid":"67764ba9980827e4ab45efcb9ba1450b","count":1},"geometry":{"type":"Point","coordinates":[-74.063028,40.59581]}},{"type":"Feature","properties":{"facname":"FORT HAMILTON LIBRARY","addressnum":"9424","streetname":"FOURTH AVENUE","address":"9424 FOURTH AVENUE","city":"BROOKLYN","zipcode":"11209","factype":"PUBLIC LIBRARY","facsubgrp":"PUBLIC LIBRARIES","facgroup":"LIBRARIES","facdomain":"LIBRARIES AND CULTURAL PROGRAMS","servarea":"Local","opname":"Brooklyn Public Library","opabbrev":"BPL","optype":"Public","overagency":"Brooklyn Public Library","overabbrev":"BPL","overlevel":"City","capacity":0,"captype":null,"boro":"BROOKLYN","bin":3155499,"bbl":3061140037,"latitude":40.6164102983,"longitude":-74.0313966261,"xcoord":975533.402345,"ycoord":163852.839341,"cd":310,"nta2010":"BK31","nta2020":"BK1001","council":47,"ct2010":"005400","ct2020":"005400","borocode":3,"schooldist":"20","policeprct":68,"datasource":"bpl_libraries","uid":"68f92ff80dcf4896e819aaecbf609fa6","count":1},"geometry":{"type":"Point","coordinates":[-74.031397,40.61641]}},{"type":"Feature","properties":{"facname":"SOUTH OZONE PARK","addressnum":"128-16","streetname":"ROCKAWAY BOULEVARD","address":"128-16 ROCKAWAY BOULEVARD","city":"SOUTH OZONE PARK","zipcode":"11420","factype":"PUBLIC LIBRARY","facsubgrp":"PUBLIC LIBRARIES","facgroup":"LIBRARIES","facdomain":"LIBRARIES AND CULTURAL PROGRAMS","servarea":"Local","opname":"Queens Public Library","opabbrev":"Public","optype":"Public","overagency":"Queens Public Library","overabbrev":"QPL","overlevel":"City","capacity":0,"captype":null,"boro":"QUEENS","bin":4254814,"bbl":4117500057,"latitude":40.6747842807,"longitude":-73.8092635671,"xcoord":1037157.51784,"ycoord":185176.118166,"cd":410,"nta2010":"QN55","nta2020":"QN1001","council":28,"ct2010":"081800","ct2020":"081800","borocode":4,"schooldist":"27","policeprct":106,"datasource":"qpl_libraries","uid":"690f7702cc1c249d98db36f869014dca","count":1},"geometry":{"type":"Point","coordinates":[-73.809264,40.674784]}},{"type":"Feature","properties":{"facname":"PELHAM PARKWAY-VAN NEST LIBRARY","addressnum":"2147","streetname":"BARNES AVENUE","address":"2147 BARNES AVENUE","city":"BRONX","zipcode":"10462","factype":"PUBLIC LIBRARY","facsubgrp":"PUBLIC LIBRARIES","facgroup":"LIBRARIES","facdomain":"LIBRARIES AND CULTURAL PROGRAMS","servarea":"Local","opname":"New York Public Library","opabbrev":"NYPL","optype":"Public","overagency":"New York Public Library","overabbrev":"NYPL","overlevel":"City","capacity":0,"captype":null,"boro":"BRONX","bin":2049427,"bbl":2043210070,"latitude":40.8548839042,"longitude":-73.8641466562,"xcoord":1021831.99694,"ycoord":250763.923245,"cd":211,"nta2010":"BX49","nta2020":"BX1101","council":13,"ct2010":"022800","ct2020":"022800","borocode":2,"schooldist":"11","policeprct":49,"datasource":"nypl_libraries","uid":"693e924ddfac47d83dd88ead481a580b","count":1},"geometry":{"type":"Point","coordinates":[-73.864147,40.854884]}},{"type":"Feature","properties":{"facname":"NORTH FOREST PARK","addressnum":"98-27","streetname":"METROPOLITAN AVENUE","address":"98-27 METROPOLITAN AVENUE","city":"FOREST HILLS","zipcode":"11375","factype":"PUBLIC LIBRARY","facsubgrp":"PUBLIC LIBRARIES","facgroup":"LIBRARIES","facdomain":"LIBRARIES AND CULTURAL PROGRAMS","servarea":"Local","opname":"Queens Public Library","opabbrev":"Public","optype":"Public","overagency":"Queens Public Library","overabbrev":"QPL","overlevel":"City","capacity":0,"captype":null,"boro":"QUEENS","bin":4076687,"bbl":4032070022,"latitude":40.7111946188,"longitude":-73.8536733063,"xcoord":1024816.75492,"ycoord":198417.756811,"cd":406,"nta2010":"QN17","nta2020":"QN0602","council":29,"ct2010":"072900","ct2020":"072900","borocode":4,"schooldist":"28","policeprct":112,"datasource":"qpl_libraries","uid":"6b421b12177fcb7893f52ff90deaf747","count":1},"geometry":{"type":"Point","coordinates":[-73.853673,40.711195]}},{"type":"Feature","properties":{"facname":"POMONOK","addressnum":"158-21","streetname":"JEWEL AVENUE","address":"158-21 JEWEL AVENUE","city":"FRESH MEADOWS","zipcode":"11365","factype":"PUBLIC LIBRARY","facsubgrp":"PUBLIC LIBRARIES","facgroup":"LIBRARIES","facdomain":"LIBRARIES AND CULTURAL PROGRAMS","servarea":"Local","opname":"Queens Public Library","opabbrev":"Public","optype":"Public","overagency":"Queens Public Library","overabbrev":"QPL","overlevel":"City","capacity":0,"captype":null,"boro":"QUEENS","bin":4438294,"bbl":4067900022,"latitude":40.7330412514,"longitude":-73.8098803354,"xcoord":1036940.36968,"ycoord":206400.454845,"cd":408,"nta2010":"QN38","nta2020":"QN0802","council":24,"ct2010":"122701","ct2020":"122703","borocode":4,"schooldist":"25","policeprct":107,"datasource":"qpl_libraries","uid":"6a5d1be19589a2feaea146ccf23916cf","count":1},"geometry":{"type":"Point","coordinates":[-73.80988,40.733041]}},{"type":"Feature","properties":{"facname":"EAST FLATBUSH LIBRARY","addressnum":"9612","streetname":"CHURCH AVENUE","address":"9612 CHURCH AVENUE","city":"BROOKLYN","zipcode":"11212","factype":"PUBLIC LIBRARY","facsubgrp":"PUBLIC LIBRARIES","facgroup":"LIBRARIES","facdomain":"LIBRARIES AND CULTURAL PROGRAMS","servarea":"Local","opname":"Brooklyn Public Library","opabbrev":"BPL","optype":"Public","overagency":"Brooklyn Public Library","overabbrev":"BPL","overlevel":"City","capacity":0,"captype":null,"boro":"BROOKLYN","bin":3103597,"bbl":3047170038,"latitude":40.6557127372,"longitude":-73.914939804,"xcoord":1007851.22567,"ycoord":178181.675105,"cd":317,"nta2010":"BK96","nta2020":"BK1704","council":42,"ct2010":"089000","ct2020":"089000","borocode":3,"schooldist":"18","policeprct":67,"datasource":"bpl_libraries","uid":"6cc33420a6697bfb5e345000373dfcdd","count":1},"geometry":{"type":"Point","coordinates":[-73.91494,40.655713]}},{"type":"Feature","properties":{"facname":"HAMILTON FISH PARK LIBRARY","addressnum":"415","streetname":"EAST HOUSTON STREET","address":"415 EAST HOUSTON STREET","city":"NEW YORK","zipcode":"10002","factype":"PUBLIC LIBRARY","facsubgrp":"PUBLIC LIBRARIES","facgroup":"LIBRARIES","facdomain":"LIBRARIES AND CULTURAL PROGRAMS","servarea":"Local","opname":"New York Public Library","opabbrev":"NYPL","optype":"Public","overagency":"New York Public Library","overabbrev":"NYPL","overlevel":"City","capacity":0,"captype":null,"boro":"MANHATTAN","bin":1004070,"bbl":1003350001,"latitude":40.7193762137,"longitude":-73.9796208845,"xcoord":989899.095637,"ycoord":201365.33587,"cd":103,"nta2010":"MN28","nta2020":"MN0302","council":2,"ct2010":"002201","ct2020":"002201","borocode":1,"schooldist":"01","policeprct":7,"datasource":"nypl_libraries","uid":"6cf4c3064982a8e30f161319e2ca6d2d","count":1},"geometry":{"type":"Point","coordinates":[-73.979621,40.719376]}},{"type":"Feature","properties":{"facname":"BRIGHTON BEACH LIBRARY","addressnum":"16","streetname":"BRIGHTON FIRST ROAD","address":"16 BRIGHTON FIRST ROAD","city":"BROOKLYN","zipcode":"11235","factype":"PUBLIC LIBRARY","facsubgrp":"PUBLIC LIBRARIES","facgroup":"LIBRARIES","facdomain":"LIBRARIES AND CULTURAL PROGRAMS","servarea":"Local","opname":"Brooklyn Public Library","opabbrev":"BPL","optype":"Public","overagency":"Brooklyn Public Library","overabbrev":"BPL","overlevel":"City","capacity":0,"captype":null,"boro":"BROOKLYN","bin":3245028,"bbl":3086800032,"latitude":40.5761748007,"longitude":-73.9667463596,"xcoord":993487.722459,"ycoord":149194.213124,"cd":313,"nta2010":"BK19","nta2020":"BK1303","council":48,"ct2010":"036001","ct2020":"036001","borocode":3,"schooldist":"21","policeprct":60,"datasource":"bpl_libraries","uid":"6e170e17b2453d7fe784faa872225bf1","count":1},"geometry":{"type":"Point","coordinates":[-73.966746,40.576175]}},{"type":"Feature","properties":{"facname":"FRESH MEADOWS","addressnum":"193-20","streetname":"HORACE HARDING EXPRESSWAY","address":"193-20 HORACE HARDING EXPRESSWAY","city":"FRESH MEADOWS","zipcode":"11365","factype":"PUBLIC LIBRARY","facsubgrp":"PUBLIC LIBRARIES","facgroup":"LIBRARIES","facdomain":"LIBRARIES AND CULTURAL PROGRAMS","servarea":"Local","opname":"Queens Public Library","opabbrev":"Public","optype":"Public","overagency":"Queens Public Library","overabbrev":"QPL","overlevel":"City","capacity":0,"captype":null,"boro":"QUEENS","bin":4444054,"bbl":4071170200,"latitude":40.7415593826,"longitude":-73.7822681507,"xcoord":1044585.16991,"ycoord":209521.684307,"cd":408,"nta2010":"QN41","nta2020":"QN0803","council":23,"ct2010":"134700","ct2020":"134701","borocode":4,"schooldist":"26","policeprct":107,"datasource":"qpl_libraries","uid":"6ee6d164f77b52b2b1f86715e6ce2422","count":1},"geometry":{"type":"Point","coordinates":[-73.782268,40.741559]}},{"type":"Feature","properties":{"facname":"MACOMB'S BRIDGE LIBRARY","addressnum":"2633","streetname":"ADAM CLAYTON POWELL JR BOULEVARD","address":"2633 ADAM CLAYTON POWELL JR BOULEVARD","city":"NEW YORK","zipcode":"10039","factype":"PUBLIC LIBRARY","facsubgrp":"PUBLIC LIBRARIES","facgroup":"LIBRARIES","facdomain":"LIBRARIES AND CULTURAL PROGRAMS","servarea":"Local","opname":"New York Public Library","opabbrev":"NYPL","optype":"Public","overagency":"New York Public Library","overabbrev":"NYPL","overlevel":"City","capacity":0,"captype":null,"boro":"MANHATTAN","bin":1060197,"bbl":1020160060,"latitude":40.8253749522,"longitude":-73.935513889,"xcoord":1002097.13387,"ycoord":239990.135539,"cd":110,"nta2010":"MN03","nta2020":"MN1002","council":9,"ct2010":"023600","ct2020":"023600","borocode":1,"schooldist":"05","policeprct":32,"datasource":"nypl_libraries","uid":"702313a7935fa64dfa88e4a7a12efb61","count":1},"geometry":{"type":"Point","coordinates":[-73.935514,40.825375]}},{"type":"Feature","properties":{"facname":"ADAMS STREET LIBRARY","addressnum":"9","streetname":"ADAMS STREET","address":"9 ADAMS STREET","city":"BROOKLYN","zipcode":"11201","factype":"PUBLIC LIBRARY","facsubgrp":"PUBLIC LIBRARIES","facgroup":"LIBRARIES","facdomain":"LIBRARIES AND CULTURAL PROGRAMS","servarea":"Local","opname":"Brooklyn Public Library","opabbrev":"BPL","optype":"Public","overagency":"Brooklyn Public Library","overabbrev":"BPL","overlevel":"City","capacity":0,"captype":null,"boro":"BROOKLYN","bin":3329396,"bbl":3000180001,"latitude":40.7041441536,"longitude":-73.9879956505,"xcoord":987578.369043,"ycoord":195815.405815,"cd":302,"nta2010":"BK38","nta2020":"BK0202","council":33,"ct2010":"002100","ct2020":"002100","borocode":3,"schooldist":"13","policeprct":84,"datasource":"bpl_libraries","uid":"7093f19d6ad3af1a7541e5d251fa5420","count":1},"geometry":{"type":"Point","coordinates":[-73.987996,40.704144]}},{"type":"Feature","properties":{"facname":"LONG ISLAND CITY","addressnum":"37-44","streetname":"21 STREET","address":"37-44 21 STREET","city":"LONG ISLAND CITY","zipcode":"11101","factype":"PUBLIC LIBRARY","facsubgrp":"PUBLIC LIBRARIES","facgroup":"LIBRARIES","facdomain":"LIBRARIES AND CULTURAL PROGRAMS","servarea":"Local","opname":"Queens Public Library","opabbrev":"Public","optype":"Public","overagency":"Queens Public Library","overabbrev":"QPL","overlevel":"City","capacity":0,"captype":null,"boro":"QUEENS","bin":4463561,"bbl":4003630001,"latitude":40.7578222905,"longitude":-73.9393047269,"xcoord":1001065.03749,"ycoord":215377.626143,"cd":401,"nta2010":"QN68","nta2020":"QN0105","council":26,"ct2010":"004300","ct2020":"004300","borocode":4,"schooldist":"30","policeprct":114,"datasource":"qpl_libraries","uid":"70a9d3d933cd77d9637439a449c54310","count":1},"geometry":{"type":"Point","coordinates":[-73.939305,40.757822]}},{"type":"Feature","properties":{"facname":"MOSHOLU LIBRARY","addressnum":"285","streetname":"EAST 205 STREET","address":"285 EAST 205 STREET","city":"BRONX","zipcode":"10467","factype":"PUBLIC LIBRARY","facsubgrp":"PUBLIC LIBRARIES","facgroup":"LIBRARIES","facdomain":"LIBRARIES AND CULTURAL PROGRAMS","servarea":"Local","opname":"New York Public Library","opabbrev":"NYPL","optype":"Public","overagency":"New York Public Library","overabbrev":"NYPL","overlevel":"City","capacity":0,"captype":null,"boro":"BRONX","bin":2018123,"bbl":2033410076,"latitude":40.8743910426,"longitude":-73.8783950702,"xcoord":1017880.50144,"ycoord":257865.334044,"cd":207,"nta2010":"BX43","nta2020":"BX0703","council":11,"ct2010":"042300","ct2020":"042300","borocode":2,"schooldist":"10","policeprct":52,"datasource":"nypl_libraries","uid":"717971c38bd27bb381c8b3fd594c1433","count":1},"geometry":{"type":"Point","coordinates":[-73.878395,40.874391]}},{"type":"Feature","properties":{"facname":"HUGUENOT PARK LIBRARY","addressnum":"830","streetname":"HUGUENOT AVENUE","address":"830 HUGUENOT AVENUE","city":"STATEN ISLAND","zipcode":"10312","factype":"PUBLIC LIBRARY","facsubgrp":"PUBLIC LIBRARIES","facgroup":"LIBRARIES","facdomain":"LIBRARIES AND CULTURAL PROGRAMS","servarea":"Local","opname":"New York Public Library","opabbrev":"NYPL","optype":"Public","overagency":"New York Public Library","overabbrev":"NYPL","overlevel":"City","capacity":0,"captype":null,"boro":"STATEN ISLAND","bin":5083401,"bbl":5068170001,"latitude":40.5340657775,"longitude":-74.1932367146,"xcoord":930535.8473,"ycoord":133910.372081,"cd":503,"nta2010":"SI32","nta2020":"SI0304","council":51,"ct2010":"020804","ct2020":"020804","borocode":5,"schooldist":"31","policeprct":123,"datasource":"nypl_libraries","uid":"7372d26dd0b0ab45ca0bb5f860ed05c9","count":1},"geometry":{"type":"Point","coordinates":[-74.193237,40.534066]}},{"type":"Feature","properties":{"facname":"TODT HILL-WESTERLEIGH LIBRARY","addressnum":"2550","streetname":"VICTORY BOULEVARD","address":"2550 VICTORY BOULEVARD","city":"STATEN ISLAND","zipcode":"10314","factype":"PUBLIC LIBRARY","facsubgrp":"PUBLIC LIBRARIES","facgroup":"LIBRARIES","facdomain":"LIBRARIES AND CULTURAL PROGRAMS","servarea":"Local","opname":"New York Public Library","opabbrev":"NYPL","optype":"Public","overagency":"New York Public Library","overabbrev":"NYPL","overlevel":"City","capacity":0,"captype":null,"boro":"STATEN ISLAND","bin":5035398,"bbl":5020990005,"latitude":40.6095828089,"longitude":-74.1484992097,"xcoord":943018.191862,"ycoord":161398.793855,"cd":501,"nta2010":"SI07","nta2020":"SI0105","council":50,"ct2010":"018901","ct2020":"018901","borocode":5,"schooldist":"31","policeprct":121,"datasource":"nypl_libraries","uid":"7514e4e3ab2647ab150eebcc55f0fa80","count":1},"geometry":{"type":"Point","coordinates":[-74.148499,40.609583]}},{"type":"Feature","properties":{"facname":"GREAT KILLS LIBRARY","addressnum":"56","streetname":"GIFFORDS LANE","address":"56 GIFFORDS LANE","city":"STATEN ISLAND","zipcode":"10308","factype":"PUBLIC LIBRARY","facsubgrp":"PUBLIC LIBRARIES","facgroup":"LIBRARIES","facdomain":"LIBRARIES AND CULTURAL PROGRAMS","servarea":"Local","opname":"New York Public Library","opabbrev":"NYPL","optype":"Public","overagency":"New York Public Library","overabbrev":"NYPL","overlevel":"City","capacity":0,"captype":null,"boro":"STATEN ISLAND","bin":5070285,"bbl":5054360019,"latitude":40.5524320334,"longitude":-74.1511120698,"xcoord":942256.795726,"ycoord":140578.610614,"cd":503,"nta2010":"SI54","nta2020":"SI0302","council":51,"ct2010":"014604","ct2020":"014604","borocode":5,"schooldist":"31","policeprct":122,"datasource":"nypl_libraries","uid":"7729bd161464d46386b115db7f369a31","count":1},"geometry":{"type":"Point","coordinates":[-74.151112,40.552432]}},{"type":"Feature","properties":{"facname":"WOODHAVEN","addressnum":"85-41","streetname":"FOREST PARKWAY","address":"85-41 FOREST PARKWAY","city":"WOODHAVEN","zipcode":"11421","factype":"PUBLIC LIBRARY","facsubgrp":"PUBLIC LIBRARIES","facgroup":"LIBRARIES","facdomain":"LIBRARIES AND CULTURAL PROGRAMS","servarea":"Local","opname":"Queens Public Library","opabbrev":"Public","optype":"Public","overagency":"Queens Public Library","overabbrev":"QPL","overlevel":"City","capacity":0,"captype":null,"boro":"QUEENS","bin":4181578,"bbl":4088560085,"latitude":40.6945535275,"longitude":-73.8614418098,"xcoord":1022672.65237,"ycoord":192351.41554,"cd":409,"nta2010":"QN53","nta2020":"QN0905","council":32,"ct2010":"001200","ct2020":"001200","borocode":4,"schooldist":"27","policeprct":102,"datasource":"qpl_libraries","uid":"7b272648053ea3c1909ca583f566b12e","count":1},"geometry":{"type":"Point","coordinates":[-73.861442,40.694554]}},{"type":"Feature","properties":{"facname":"WEBSTER LIBRARY","addressnum":"1465","streetname":"YORK AVENUE","address":"1465 YORK AVENUE","city":"NEW YORK","zipcode":"10075","factype":"PUBLIC LIBRARY","facsubgrp":"PUBLIC LIBRARIES","facgroup":"LIBRARIES","facdomain":"LIBRARIES AND CULTURAL PROGRAMS","servarea":"Local","opname":"New York Public Library","opabbrev":"NYPL","optype":"Public","overagency":"New York Public Library","overabbrev":"NYPL","overlevel":"City","capacity":0,"captype":null,"boro":"MANHATTAN","bin":1045991,"bbl":1014720028,"latitude":40.7706620178,"longitude":-73.9513514661,"xcoord":997725.007505,"ycoord":220053.478451,"cd":108,"nta2010":"MN31","nta2020":"MN0801","council":5,"ct2010":"013200","ct2020":"013203","borocode":1,"schooldist":"02","policeprct":19,"datasource":"nypl_libraries","uid":"7bb83076843517e6390b3d1124d6150f","count":1},"geometry":{"type":"Point","coordinates":[-73.951351,40.770662]}},{"type":"Feature","properties":{"facname":"EPIPHANY LIBRARY","addressnum":"228","streetname":"EAST 23 STREET","address":"228 EAST 23 STREET","city":"NEW YORK","zipcode":"10010","factype":"PUBLIC LIBRARY","facsubgrp":"PUBLIC LIBRARIES","facgroup":"LIBRARIES","facdomain":"LIBRARIES AND CULTURAL PROGRAMS","servarea":"Local","opname":"New York Public Library","opabbrev":"NYPL","optype":"Public","overagency":"New York Public Library","overabbrev":"NYPL","overlevel":"City","capacity":0,"captype":null,"boro":"MANHATTAN","bin":1019661,"bbl":1009030046,"latitude":40.7380871422,"longitude":-73.9820542068,"xcoord":989223.181551,"ycoord":208182.161871,"cd":106,"nta2010":"MN21","nta2020":"MN0602","council":2,"ct2010":"006400","ct2020":"006400","borocode":1,"schooldist":"02","policeprct":13,"datasource":"nypl_libraries","uid":"7bf96e154025c8e7c0c4ed3990173bf2","count":1},"geometry":{"type":"Point","coordinates":[-73.982054,40.738087]}},{"type":"Feature","properties":{"facname":"CANARSIE LIBRARY","addressnum":null,"streetname":null,"address":null,"city":"BROOKLYN","zipcode":"11236","factype":"PUBLIC LIBRARY","facsubgrp":"PUBLIC LIBRARIES","facgroup":"LIBRARIES","facdomain":"LIBRARIES AND CULTURAL PROGRAMS","servarea":"Local","opname":"Brooklyn Public Library","opabbrev":"BPL","optype":"Public","overagency":"Brooklyn Public Library","overabbrev":"BPL","overlevel":"City","capacity":0,"captype":null,"boro":"BROOKLYN","bin":3230120,"bbl":3082040068,"latitude":40.6422167,"longitude":-73.8995607,"xcoord":1012124.02456,"ycoord":173269.219026,"cd":318,"nta2010":"BK50","nta2020":"BK1803","council":46,"ct2010":"096600","ct2020":"096600","borocode":3,"schooldist":"18","policeprct":69,"datasource":"bpl_libraries","uid":"7c8cfade935c8c628a8e2fe86fc4a90b","count":1},"geometry":{"type":"Point","coordinates":[-73.899561,40.642217]}},{"type":"Feature","properties":{"facname":"RYDER LIBRARY","addressnum":"5902","streetname":"23 AVENUE","address":"5902 23 AVENUE","city":"BROOKLYN","zipcode":"11204","factype":"PUBLIC LIBRARY","facsubgrp":"PUBLIC LIBRARIES","facgroup":"LIBRARIES","facdomain":"LIBRARIES AND CULTURAL PROGRAMS","servarea":"Local","opname":"Brooklyn Public Library","opabbrev":"BPL","optype":"Public","overagency":"Brooklyn Public Library","overabbrev":"BPL","overlevel":"City","capacity":0,"captype":null,"boro":"BROOKLYN","bin":3172049,"bbl":3065480037,"latitude":40.6159201257,"longitude":-73.9760429331,"xcoord":990901.213021,"ycoord":163673.60405,"cd":312,"nta2010":"BK88","nta2020":"BK1204","council":44,"ct2010":"044600","ct2020":"044600","borocode":3,"schooldist":"21","policeprct":66,"datasource":"bpl_libraries","uid":"7e53125f30404123acb71626c7e503b4","count":1},"geometry":{"type":"Point","coordinates":[-73.976043,40.61592]}},{"type":"Feature","properties":{"facname":"BLOOMINGDALE LIBRARY","addressnum":"150","streetname":"WEST 100 STREET","address":"150 WEST 100 STREET","city":"NEW YORK","zipcode":"10025","factype":"PUBLIC LIBRARY","facsubgrp":"PUBLIC LIBRARIES","facgroup":"LIBRARIES","facdomain":"LIBRARIES AND CULTURAL PROGRAMS","servarea":"Local","opname":"New York Public Library","opabbrev":"NYPL","optype":"Public","overagency":"New York Public Library","overabbrev":"NYPL","overlevel":"City","capacity":0,"captype":null,"boro":"MANHATTAN","bin":1055906,"bbl":1018520049,"latitude":40.7959276435,"longitude":-73.9678504972,"xcoord":993151.613556,"ycoord":229256.497139,"cd":107,"nta2010":"MN12","nta2020":"MN0703","council":7,"ct2010":"018500","ct2020":"018500","borocode":1,"schooldist":"03","policeprct":24,"datasource":"nypl_libraries","uid":"7f852afc1b23b84ef4dcc56926d4a762","count":1},"geometry":{"type":"Point","coordinates":[-73.96785,40.795928]}},{"type":"Feature","properties":{"facname":"BRONX LIBRARY CENTER","addressnum":"310","streetname":"EAST KINGSBRIDGE ROAD","address":"310 EAST KINGSBRIDGE ROAD","city":"BRONX","zipcode":"10458","factype":"PUBLIC LIBRARY","facsubgrp":"PUBLIC LIBRARIES","facgroup":"LIBRARIES","facdomain":"LIBRARIES AND CULTURAL PROGRAMS","servarea":"Local","opname":"New York Public Library","opabbrev":"NYPL","optype":"Public","overagency":"New York Public Library","overabbrev":"NYPL","overlevel":"City","capacity":0,"captype":null,"boro":"BRONX","bin":2116006,"bbl":2031540083,"latitude":40.863002937,"longitude":-73.8945096133,"xcoord":1013428.93631,"ycoord":253710.426936,"cd":207,"nta2010":"BX05","nta2020":"BX0701","council":15,"ct2010":"039901","ct2020":"039901","borocode":2,"schooldist":"10","policeprct":52,"datasource":"nypl_libraries","uid":"7fa06308ea830f26e865390afe3fb4a5","count":1},"geometry":{"type":"Point","coordinates":[-73.89451,40.863003]}},{"type":"Feature","properties":{"facname":"MCKINLEY PARK LIBRARY","addressnum":null,"streetname":null,"address":"6802 FORT HAMILTON PKWY (AT 68TH ST.) BROOKLYN, NY 11219","city":"BROOKLYN","zipcode":"11219","factype":"PUBLIC LIBRARY","facsubgrp":"PUBLIC LIBRARIES","facgroup":"LIBRARIES","facdomain":"LIBRARIES AND CULTURAL PROGRAMS","servarea":"Local","opname":"Brooklyn Public Library","opabbrev":"BPL","optype":"Public","overagency":"Brooklyn Public Library","overabbrev":"BPL","overlevel":"City","capacity":0,"captype":null,"boro":"BROOKLYN","bin":3143032,"bbl":3057710012,"latitude":40.629178,"longitude":-74.01188,"xcoord":980952.404428,"ycoord":168503.112432,"cd":310,"nta2010":"BK30","nta2020":"BK1002","council":38,"ct2010":"012801","ct2020":"012801","borocode":3,"schooldist":"20","policeprct":68,"datasource":"bpl_libraries","uid":"808c181a9e98ee1dd9a96dcf8c129740","count":1},"geometry":{"type":"Point","coordinates":[-74.01188,40.629178]}},{"type":"Feature","properties":{"facname":"LEFRAK CITY","addressnum":"98-30","streetname":"57 AVENUE","address":"98-30 57 AVENUE","city":"CORONA","zipcode":"11368","factype":"PUBLIC LIBRARY","facsubgrp":"PUBLIC LIBRARIES","facgroup":"LIBRARIES","facdomain":"LIBRARIES AND CULTURAL PROGRAMS","servarea":"Local","opname":"Queens Public Library","opabbrev":"Public","optype":"Public","overagency":"Queens Public Library","overabbrev":"QPL","overlevel":"City","capacity":0,"captype":null,"boro":"QUEENS","bin":4047321,"bbl":4019180070,"latitude":40.7374406134,"longitude":-73.8615730327,"xcoord":1022611.57208,"ycoord":207976.41236,"cd":404,"nta2010":"QN25","nta2020":"QN0402","council":21,"ct2010":"045500","ct2020":"045500","borocode":4,"schooldist":"24","policeprct":110,"datasource":"qpl_libraries","uid":"83f3e76b32cfeaafed3c3e199993a4a5","count":1},"geometry":{"type":"Point","coordinates":[-73.861573,40.737441]}},{"type":"Feature","properties":{"facname":"WINDSOR PARK","addressnum":"79-50","streetname":"BELL BOULEVARD","address":"79-50 BELL BOULEVARD","city":"OAKLAND GARDENS","zipcode":"11364","factype":"PUBLIC LIBRARY","facsubgrp":"PUBLIC LIBRARIES","facgroup":"LIBRARIES","facdomain":"LIBRARIES AND CULTURAL PROGRAMS","servarea":"Local","opname":"Queens Public Library","opabbrev":"Public","optype":"Public","overagency":"Queens Public Library","overabbrev":"QPL","overlevel":"City","capacity":0,"captype":null,"boro":"QUEENS","bin":4164306,"bbl":4077720001,"latitude":40.7344965851,"longitude":-73.7556862796,"xcoord":1051958.36956,"ycoord":206967.920697,"cd":411,"nta2010":"QN42","nta2020":"QN1104","council":23,"ct2010":"129103","ct2020":"129103","borocode":4,"schooldist":"26","policeprct":111,"datasource":"qpl_libraries","uid":"8504f624952a02b8465abf1555601bea","count":1},"geometry":{"type":"Point","coordinates":[-73.755686,40.734497]}},{"type":"Feature","properties":{"facname":"AUBURNDALE","addressnum":"25-55","streetname":"FRANCIS LEWIS BOULEVARD","address":"25-55 FRANCIS LEWIS BOULEVARD","city":"FLUSHING","zipcode":"11358","factype":"PUBLIC LIBRARY","facsubgrp":"PUBLIC LIBRARIES","facgroup":"LIBRARIES","facdomain":"LIBRARIES AND CULTURAL PROGRAMS","servarea":"Local","opname":"Queens Public Library","opabbrev":"Public","optype":"Public","overagency":"Queens Public Library","overabbrev":"QPL","overlevel":"City","capacity":0,"captype":null,"boro":"QUEENS","bin":4129461,"bbl":4057690010,"latitude":40.7737590241,"longitude":-73.7963502396,"xcoord":1040655.64847,"ycoord":221243.646639,"cd":407,"nta2010":"QN47","nta2020":"QN0703","council":19,"ct2010":"101700","ct2020":"101700","borocode":4,"schooldist":"25","policeprct":109,"datasource":"qpl_libraries","uid":"856ea23ff1b4956af42d8918c3dc069b","count":1},"geometry":{"type":"Point","coordinates":[-73.79635,40.773759]}},{"type":"Feature","properties":{"facname":"CENTRAL LIBRARY","addressnum":"10","streetname":"GRAND ARMY PLAZA","address":"10 GRAND ARMY PLAZA","city":"BROOKLYN","zipcode":"11238","factype":"PUBLIC LIBRARY","facsubgrp":"PUBLIC LIBRARIES","facgroup":"LIBRARIES","facdomain":"LIBRARIES AND CULTURAL PROGRAMS","servarea":"Local","opname":"Brooklyn Public Library","opabbrev":"BPL","optype":"Public","overagency":"Brooklyn Public Library","overabbrev":"BPL","overlevel":"City","capacity":0,"captype":null,"boro":"BROOKLYN","bin":3029665,"bbl":3011830002,"latitude":40.6722468777,"longitude":-73.9681108345,"xcoord":993095.93495,"ycoord":184195.678878,"cd":355,"nta2010":"BK99","nta2020":"BK5591","council":35,"ct2010":"017700","ct2020":"017700","borocode":3,"schooldist":"17","policeprct":78,"datasource":"bpl_libraries","uid":"872745ce5af27bff5092e18d688a2bf6","count":1},"geometry":{"type":"Point","coordinates":[-73.968111,40.672247]}},{"type":"Feature","properties":{"facname":"MCGOLDRICK","addressnum":null,"streetname":null,"address":"155-06 ROOSEVELT AV. (OFF NORTHERN BLVD)","city":"FOREST HILLS","zipcode":"11375","factype":"PUBLIC LIBRARY","facsubgrp":"PUBLIC LIBRARIES","facgroup":"LIBRARIES","facdomain":"LIBRARIES AND CULTURAL PROGRAMS","servarea":"Local","opname":"Queens Public Library","opabbrev":"Public","optype":"Public","overagency":"Queens Public Library","overabbrev":"QPL","overlevel":"City","capacity":0,"captype":null,"boro":"QUEENS","bin":4052750,"bbl":4022647502,"latitude":40.717952,"longitude":-73.83478,"xcoord":1030049.97506,"ycoord":200888.986486,"cd":406,"nta2010":"QN17","nta2020":"QN0602","council":29,"ct2010":"075701","ct2020":"075701","borocode":4,"schooldist":"28","policeprct":112,"datasource":"qpl_libraries","uid":"87d516a804ccde72a9d666899c8d2e22","count":1},"geometry":{"type":"Point","coordinates":[-73.83478,40.717952]}},{"type":"Feature","properties":{"facname":"HARRY BELAFONTE 115TH STREET LIBRARY","addressnum":"203","streetname":"WEST 115 STREET","address":"203 WEST 115 STREET","city":"NEW YORK","zipcode":"10026","factype":"PUBLIC LIBRARY","facsubgrp":"PUBLIC LIBRARIES","facgroup":"LIBRARIES","facdomain":"LIBRARIES AND CULTURAL PROGRAMS","servarea":"Local","opname":"New York Public Library","opabbrev":"NYPL","optype":"Public","overagency":"New York Public Library","overabbrev":"NYPL","overlevel":"City","capacity":0,"captype":null,"boro":"MANHATTAN","bin":1055236,"bbl":1018310026,"latitude":40.8029849152,"longitude":-73.9535318979,"xcoord":997114.809426,"ycoord":231829.486484,"cd":110,"nta2010":"MN11","nta2020":"MN1001","council":9,"ct2010":"021800","ct2020":"021800","borocode":1,"schooldist":"03","policeprct":28,"datasource":"nypl_libraries","uid":"88035e9952cf46e6d1ecbb1a34adb848","count":1},"geometry":{"type":"Point","coordinates":[-73.953532,40.802985]}},{"type":"Feature","properties":{"facname":"ST. AGNES LIBRARY","addressnum":null,"streetname":null,"address":null,"city":"NEW YORK","zipcode":"10024","factype":"PUBLIC LIBRARY","facsubgrp":"PUBLIC LIBRARIES","facgroup":"LIBRARIES","facdomain":"LIBRARIES AND CULTURAL PROGRAMS","servarea":"Local","opname":"New York Public Library","opabbrev":"NYPL","optype":"Public","overagency":"New York Public Library","overabbrev":"NYPL","overlevel":"City","capacity":0,"captype":null,"boro":"MANHATTAN","bin":0,"bbl":1012290031,"latitude":40.7848,"longitude":-73.9773,"xcoord":990536.268485,"ycoord":225201.494645,"cd":107,"nta2010":"MN12","nta2020":"MN0702","council":6,"ct2010":"016700","ct2020":"016700","borocode":1,"schooldist":"03","policeprct":20,"datasource":"nypl_libraries","uid":"896a48d6b2fa69aba71244c4929fdf0a","count":1},"geometry":{"type":"Point","coordinates":[-73.9773,40.7848]}},{"type":"Feature","properties":{"facname":"HUDSON PARK LIBRARY","addressnum":"66","streetname":"LEROY STREET","address":"66 LEROY STREET","city":"NEW YORK","zipcode":"10014","factype":"PUBLIC LIBRARY","facsubgrp":"PUBLIC LIBRARIES","facgroup":"LIBRARIES","facdomain":"LIBRARIES AND CULTURAL PROGRAMS","servarea":"Local","opname":"New York Public Library","opabbrev":"NYPL","optype":"Public","overagency":"New York Public Library","overabbrev":"NYPL","overlevel":"City","capacity":0,"captype":null,"boro":"MANHATTAN","bin":1009760,"bbl":1005820018,"latitude":40.7299118488,"longitude":-74.005321376,"xcoord":982775.14649,"ycoord":205203.181219,"cd":102,"nta2010":"MN23","nta2020":"MN0203","council":3,"ct2010":"006700","ct2020":"006700","borocode":1,"schooldist":"02","policeprct":6,"datasource":"nypl_libraries","uid":"89e38b3ba004744901e2bc776f8783ce","count":1},"geometry":{"type":"Point","coordinates":[-74.005321,40.729912]}},{"type":"Feature","properties":{"facname":"WINDSOR TERRACE LIBRARY","addressnum":"160","streetname":"EAST 5 STREET","address":"160 EAST 5 STREET","city":"BROOKLYN","zipcode":"11218","factype":"PUBLIC LIBRARY","facsubgrp":"PUBLIC LIBRARIES","facgroup":"LIBRARIES","facdomain":"LIBRARIES AND CULTURAL PROGRAMS","servarea":"Local","opname":"Brooklyn Public Library","opabbrev":"BPL","optype":"Public","overagency":"Brooklyn Public Library","overabbrev":"BPL","overlevel":"City","capacity":0,"captype":null,"boro":"BROOKLYN","bin":3124000,"bbl":3053180010,"latitude":40.6487264875,"longitude":-73.9767581941,"xcoord":990699.463508,"ycoord":175625.788064,"cd":307,"nta2010":"BK40","nta2020":"BK0701","council":39,"ct2010":"050000","ct2020":"050001","borocode":3,"schooldist":"15","policeprct":72,"datasource":"bpl_libraries","uid":"8a5172dc9b03169944a5dd307463dff0","count":1},"geometry":{"type":"Point","coordinates":[-73.976758,40.648726]}},{"type":"Feature","properties":{"facname":"JOB INFORMATION CENTER","addressnum":"89-11","streetname":"MERRICK BOULEVARD","address":"89-11 MERRICK BOULEVARD","city":"JAMAICA","zipcode":"11432","factype":"PUBLIC LIBRARY","facsubgrp":"PUBLIC LIBRARIES","facgroup":"LIBRARIES","facdomain":"LIBRARIES AND CULTURAL PROGRAMS","servarea":"Local","opname":"Queens Public Library","opabbrev":"Public","optype":"Public","overagency":"Queens Public Library","overabbrev":"QPL","overlevel":"City","capacity":0,"captype":null,"boro":"QUEENS","bin":4209635,"bbl":4097980006,"latitude":40.7078052723,"longitude":-73.7946441704,"xcoord":1041184.51576,"ycoord":197215.769568,"cd":412,"nta2010":"QN61","nta2020":"QN1201","council":27,"ct2010":"046000","ct2020":"046000","borocode":4,"schooldist":"28","policeprct":103,"datasource":"qpl_libraries","uid":"8b8032657c43cf411096920f76c014ce","count":1},"geometry":{"type":"Point","coordinates":[-73.794644,40.707805]}},{"type":"Feature","properties":{"facname":"JACKSON HEIGHTS","addressnum":"35-51","streetname":"81 STREET","address":"35-51 81 STREET","city":"JACKSON HEIGHTS","zipcode":"11372","factype":"PUBLIC LIBRARY","facsubgrp":"PUBLIC LIBRARIES","facgroup":"LIBRARIES","facdomain":"LIBRARIES AND CULTURAL PROGRAMS","servarea":"Local","opname":"Queens Public Library","opabbrev":"Public","optype":"Public","overagency":"Queens Public Library","overabbrev":"QPL","overlevel":"City","capacity":0,"captype":null,"boro":"QUEENS","bin":4029693,"bbl":4012810048,"latitude":40.7502099137,"longitude":-73.8850699833,"xcoord":1016093.88007,"ycoord":212619.254995,"cd":403,"nta2010":"QN28","nta2020":"QN0301","council":25,"ct2010":"028300","ct2020":"028300","borocode":4,"schooldist":"30","policeprct":115,"datasource":"qpl_libraries","uid":"8ebeb659e8115a18c000f19e1d0ad58a","count":1},"geometry":{"type":"Point","coordinates":[-73.88507,40.75021]}},{"type":"Feature","properties":{"facname":"NEW YORK SOCIETY LIBRARY (THE)","addressnum":"53","streetname":"EAST 79 STREET","address":"53 EAST 79 STREET","city":"NEW YORK","zipcode":"10075","factype":"SPECIAL LIBRARIES","facsubgrp":"ACADEMIC AND SPECIAL LIBRARIES","facgroup":"LIBRARIES","facdomain":"LIBRARIES AND CULTURAL PROGRAMS","servarea":"Regional","opname":"New York Society Library (The)","opabbrev":"Non-public","optype":"Non-public","overagency":"NYC Department of Education","overabbrev":"NYCDOE","overlevel":"City","capacity":0,"captype":null,"boro":"MANHATTAN","bin":1046438,"bbl":1014910025,"latitude":40.7763434759,"longitude":-73.961455484,"xcoord":994925.416094,"ycoord":222122.030738,"cd":108,"nta2010":"MN40","nta2020":"MN0802","council":4,"ct2010":"014200","ct2020":"014200","borocode":1,"schooldist":"02","policeprct":19,"datasource":"nysed_activeinstitutions","uid":"906e5291c4fd9c2ea85a5fc6c8d5c48c","count":1},"geometry":{"type":"Point","coordinates":[-73.961455,40.776343]}},{"type":"Feature","properties":{"facname":"WASHINGTON HEIGHTS LIBRARY","addressnum":"1000","streetname":"ST NICHOLAS AVENUE","address":"1000 ST NICHOLAS AVENUE","city":"NEW YORK","zipcode":"10032","factype":"PUBLIC LIBRARY","facsubgrp":"PUBLIC LIBRARIES","facgroup":"LIBRARIES","facdomain":"LIBRARIES AND CULTURAL PROGRAMS","servarea":"Local","opname":"New York Public Library","opabbrev":"NYPL","optype":"Public","overagency":"New York Public Library","overabbrev":"NYPL","overlevel":"City","capacity":0,"captype":null,"boro":"MANHATTAN","bin":1062551,"bbl":1021090055,"latitude":40.8345288781,"longitude":-73.9396637646,"xcoord":1000946.32001,"ycoord":243324.428036,"cd":112,"nta2010":"MN36","nta2020":"MN1201","council":10,"ct2010":"024301","ct2020":"024301","borocode":1,"schooldist":"06","policeprct":33,"datasource":"nypl_libraries","uid":"923406b0d8f3bc0379297fd29b5865f1","count":1},"geometry":{"type":"Point","coordinates":[-73.939664,40.834529]}},{"type":"Feature","properties":{"facname":"CITIZENS HOUSING AND PLANNING COUNCI","addressnum":"42","streetname":"BROADWAY","address":"42 BROADWAY","city":"NEW YORK","zipcode":"10004","factype":"SPECIAL LIBRARIES","facsubgrp":"ACADEMIC AND SPECIAL LIBRARIES","facgroup":"LIBRARIES","facdomain":"LIBRARIES AND CULTURAL PROGRAMS","servarea":"Regional","opname":"Citizens Housing And Planning Council","opabbrev":"Non-public","optype":"Non-public","overagency":"NYC Department of Education","overabbrev":"NYCDOE","overlevel":"City","capacity":0,"captype":null,"boro":"MANHATTAN","bin":1000812,"bbl":1000220020,"latitude":40.7059970385,"longitude":-74.0125827957,"xcoord":980761.345841,"ycoord":196490.489803,"cd":101,"nta2010":"MN25","nta2020":"MN0101","council":1,"ct2010":"000900","ct2020":"000900","borocode":1,"schooldist":"02","policeprct":1,"datasource":"nysed_activeinstitutions","uid":"9267c17ac15faee4e2cd6a1385d61c7a","count":1},"geometry":{"type":"Point","coordinates":[-74.012583,40.705997]}},{"type":"Feature","properties":{"facname":"FLATBUSH LIBRARY","addressnum":null,"streetname":null,"address":null,"city":"BROOKLYN","zipcode":"11226","factype":"PUBLIC LIBRARY","facsubgrp":"PUBLIC LIBRARIES","facgroup":"LIBRARIES","facdomain":"LIBRARIES AND CULTURAL PROGRAMS","servarea":"Local","opname":"Brooklyn Public Library","opabbrev":"BPL","optype":"Public","overagency":"Brooklyn Public Library","overabbrev":"BPL","overlevel":"City","capacity":0,"captype":null,"boro":"BROOKLYN","bin":3116706,"bbl":3050860015,"latitude":40.651891,"longitude":-73.958256,"xcoord":995833.163072,"ycoord":176780.611502,"cd":314,"nta2010":"BK60","nta2020":"BK1401","council":40,"ct2010":"079602","ct2020":"079602","borocode":3,"schooldist":"17","policeprct":70,"datasource":"bpl_libraries","uid":"92f8d4d217c8dbb0f1bb91faa345d061","count":1},"geometry":{"type":"Point","coordinates":[-73.958256,40.651891]}},{"type":"Feature","properties":{"facname":"RUGBY LIBRARY","addressnum":"1000","streetname":"UTICA AVENUE","address":"1000 UTICA AVENUE","city":"BROOKLYN","zipcode":"11203","factype":"PUBLIC LIBRARY","facsubgrp":"PUBLIC LIBRARIES","facgroup":"LIBRARIES","facdomain":"LIBRARIES AND CULTURAL PROGRAMS","servarea":"Local","opname":"Brooklyn Public Library","opabbrev":"BPL","optype":"Public","overagency":"Brooklyn Public Library","overabbrev":"BPL","overlevel":"City","capacity":0,"captype":null,"boro":"BROOKLYN","bin":3103730,"bbl":3047210028,"latitude":40.6486412879,"longitude":-73.9303828979,"xcoord":1003568.35643,"ycoord":175601.56843,"cd":317,"nta2010":"BK91","nta2020":"BK1703","council":45,"ct2010":"086000","ct2020":"086000","borocode":3,"schooldist":"18","policeprct":67,"datasource":"bpl_libraries","uid":"942475c53d60533ad10916400a06bd06","count":1},"geometry":{"type":"Point","coordinates":[-73.930383,40.648641]}},{"type":"Feature","properties":{"facname":"BATTERY PARK CITY LIBRARY","addressnum":"175","streetname":"NORTH END AVENUE","address":"175 NORTH END AVENUE","city":"NEW YORK","zipcode":"10282","factype":"PUBLIC LIBRARY","facsubgrp":"PUBLIC LIBRARIES","facgroup":"LIBRARIES","facdomain":"LIBRARIES AND CULTURAL PROGRAMS","servarea":"Local","opname":"New York Public Library","opabbrev":"NYPL","optype":"Public","overagency":"New York Public Library","overabbrev":"NYPL","overlevel":"City","capacity":0,"captype":null,"boro":"MANHATTAN","bin":1087518,"bbl":1000167516,"latitude":40.7156379103,"longitude":-74.01613199,"xcoord":979777.957706,"ycoord":200003.112289,"cd":101,"nta2010":"MN25","nta2020":"MN0101","council":1,"ct2010":"031703","ct2020":"031703","borocode":1,"schooldist":"02","policeprct":1,"datasource":"nypl_libraries","uid":"94485dc6480ce8258b7bb2db1e4df42d","count":1},"geometry":{"type":"Point","coordinates":[-74.016132,40.715638]}},{"type":"Feature","properties":{"facname":"CLINTON HILL LIBRARY","addressnum":null,"streetname":null,"address":null,"city":"BROOKLYN","zipcode":"11205","factype":"PUBLIC LIBRARY","facsubgrp":"PUBLIC LIBRARIES","facgroup":"LIBRARIES","facdomain":"LIBRARIES AND CULTURAL PROGRAMS","servarea":"Local","opname":"Brooklyn Public Library","opabbrev":"BPL","optype":"Public","overagency":"Brooklyn Public Library","overabbrev":"BPL","overlevel":"City","capacity":0,"captype":null,"boro":"BROOKLYN","bin":0,"bbl":0,"latitude":40.6885489,"longitude":-73.9629896,"xcoord":994514.036732,"ycoord":190135.534012,"cd":302,"nta2010":"BK69","nta2020":"BK0204","council":35,"ct2010":"019300","ct2020":"019300","borocode":3,"schooldist":"13","policeprct":88,"datasource":"bpl_libraries","uid":"9638d471f87d1bd3017a0e89e4cc9b59","count":1},"geometry":{"type":"Point","coordinates":[-73.96299,40.688549]}},{"type":"Feature","properties":{"facname":"SOUNDVIEW LIBRARY","addressnum":"660","streetname":"SOUNDVIEW AVENUE","address":"660 SOUNDVIEW AVENUE","city":"BRONX","zipcode":"10473","factype":"PUBLIC LIBRARY","facsubgrp":"PUBLIC LIBRARIES","facgroup":"LIBRARIES","facdomain":"LIBRARIES AND CULTURAL PROGRAMS","servarea":"Local","opname":"New York Public Library","opabbrev":"NYPL","optype":"Public","overagency":"New York Public Library","overabbrev":"NYPL","overlevel":"City","capacity":0,"captype":null,"boro":"BRONX","bin":2021838,"bbl":2035580014,"latitude":40.818715778,"longitude":-73.8628905385,"xcoord":1022200.11027,"ycoord":237587.087871,"cd":209,"nta2010":"BX09","nta2020":"BX0902","council":18,"ct2010":"002000","ct2020":"002002","borocode":2,"schooldist":"08","policeprct":43,"datasource":"nypl_libraries","uid":"9681eb17981e7b0be56df2d1410cfbcb","count":1},"geometry":{"type":"Point","coordinates":[-73.862891,40.818716]}},{"type":"Feature","properties":{"facname":"WHITESTONE","addressnum":"151-10","streetname":"14 ROAD","address":"151-10 14 ROAD","city":"WHITESTONE","zipcode":"11357","factype":"PUBLIC LIBRARY","facsubgrp":"PUBLIC LIBRARIES","facgroup":"LIBRARIES","facdomain":"LIBRARIES AND CULTURAL PROGRAMS","servarea":"Local","opname":"Queens Public Library","opabbrev":"Public","optype":"Public","overagency":"Queens Public Library","overabbrev":"QPL","overlevel":"City","capacity":0,"captype":null,"boro":"QUEENS","bin":4107201,"bbl":4047170025,"latitude":40.7885379249,"longitude":-73.8107190561,"xcoord":1036664.23439,"ycoord":226619.162633,"cd":407,"nta2010":"QN49","nta2020":"QN0702","council":19,"ct2010":"098700","ct2020":"098700","borocode":4,"schooldist":"25","policeprct":109,"datasource":"qpl_libraries","uid":"96a20d4033b1a4d7a2ff782ad024f2bc","count":1},"geometry":{"type":"Point","coordinates":[-73.810719,40.788538]}},{"type":"Feature","properties":{"facname":"BOROUGH PARK LIBRARY","addressnum":null,"streetname":null,"address":null,"city":"BROOKLYN","zipcode":"11219","factype":"PUBLIC LIBRARY","facsubgrp":"PUBLIC LIBRARIES","facgroup":"LIBRARIES","facdomain":"LIBRARIES AND CULTURAL PROGRAMS","servarea":"Local","opname":"Brooklyn Public Library","opabbrev":"BPL","optype":"Public","overagency":"Brooklyn Public Library","overabbrev":"BPL","overlevel":"City","capacity":0,"captype":null,"boro":"BROOKLYN","bin":3135907,"bbl":3055980048,"latitude":40.638856,"longitude":-73.989018,"xcoord":987297.890831,"ycoord":172029.03558,"cd":312,"nta2010":"BK88","nta2020":"BK1202","council":44,"ct2010":"022400","ct2020":"022400","borocode":3,"schooldist":"15","policeprct":66,"datasource":"bpl_libraries","uid":"9876bc2e8f77431c37057231cbb2b3ed","count":1},"geometry":{"type":"Point","coordinates":[-73.989018,40.638856]}},{"type":"Feature","properties":{"facname":"SPRING CREEK LIBRARY","addressnum":null,"streetname":null,"address":null,"city":"BROOKLYN","zipcode":"11207","factype":"PUBLIC LIBRARY","facsubgrp":"PUBLIC LIBRARIES","facgroup":"LIBRARIES","facdomain":"LIBRARIES AND CULTURAL PROGRAMS","servarea":"Local","opname":"Brooklyn Public Library","opabbrev":"BPL","optype":"Public","overagency":"Brooklyn Public Library","overabbrev":"BPL","overlevel":"City","capacity":0,"captype":null,"boro":"BROOKLYN","bin":3098071,"bbl":3044130025,"latitude":40.6532637,"longitude":-73.8859641,"xcoord":1015892.12641,"ycoord":177298.560308,"cd":305,"nta2010":"BK82","nta2020":"BK0503","council":42,"ct2010":"110400","ct2020":"110400","borocode":3,"schooldist":"19","policeprct":75,"datasource":"bpl_libraries","uid":"98a83fee9063fd0eb50995328e6987a6","count":1},"geometry":{"type":"Point","coordinates":[-73.885964,40.653264]}},{"type":"Feature","properties":{"facname":"POPPENHUSEN","addressnum":"121-23","streetname":"14 AVENUE","address":"121-23 14 AVENUE","city":"COLLEGE POINT","zipcode":"11356","factype":"PUBLIC LIBRARY","facsubgrp":"PUBLIC LIBRARIES","facgroup":"LIBRARIES","facdomain":"LIBRARIES AND CULTURAL PROGRAMS","servarea":"Local","opname":"Queens Public Library","opabbrev":"Public","optype":"Public","overagency":"Queens Public Library","overabbrev":"QPL","overlevel":"City","capacity":0,"captype":null,"boro":"QUEENS","bin":4097863,"bbl":4040420113,"latitude":40.7862559375,"longitude":-73.8460103965,"xcoord":1026893.09852,"ycoord":225768.609633,"cd":407,"nta2010":"QN23","nta2020":"QN0701","council":19,"ct2010":"092900","ct2020":"092900","borocode":4,"schooldist":"25","policeprct":109,"datasource":"qpl_libraries","uid":"99368747a68d02a1ed8302b8f13b3e6b","count":1},"geometry":{"type":"Point","coordinates":[-73.84601,40.786256]}},{"type":"Feature","properties":{"facname":"RIVERDALE LIBRARY","addressnum":"5540","streetname":"MOSHOLU AVENUE","address":"5540 MOSHOLU AVENUE","city":"BRONX","zipcode":"10471","factype":"PUBLIC LIBRARY","facsubgrp":"PUBLIC LIBRARIES","facgroup":"LIBRARIES","facdomain":"LIBRARIES AND CULTURAL PROGRAMS","servarea":"Local","opname":"New York Public Library","opabbrev":"NYPL","optype":"Public","overagency":"New York Public Library","overabbrev":"NYPL","overlevel":"City","capacity":0,"captype":null,"boro":"BRONX","bin":2084790,"bbl":2058481729,"latitude":40.9037177326,"longitude":-73.9027434441,"xcoord":1011134.96685,"ycoord":268541.81805,"cd":208,"nta2010":"BX22","nta2020":"BX0803","council":11,"ct2010":"033700","ct2020":"033700","borocode":2,"schooldist":"10","policeprct":50,"datasource":"nypl_libraries","uid":"9a306601f42b0f14fe1430b01ff0d93e","count":1},"geometry":{"type":"Point","coordinates":[-73.902743,40.903718]}},{"type":"Feature","properties":{"facname":"PELHAM BAY LIBRARY","addressnum":"3060","streetname":"MIDDLETOWN ROAD","address":"3060 MIDDLETOWN ROAD","city":"BRONX","zipcode":"10461","factype":"PUBLIC LIBRARY","facsubgrp":"PUBLIC LIBRARIES","facgroup":"LIBRARIES","facdomain":"LIBRARIES AND CULTURAL PROGRAMS","servarea":"Local","opname":"New York Public Library","opabbrev":"NYPL","optype":"Public","overagency":"New York Public Library","overabbrev":"NYPL","overlevel":"City","capacity":0,"captype":null,"boro":"BRONX","bin":2074963,"bbl":2054040002,"latitude":40.8442982997,"longitude":-73.8278852129,"xcoord":1031870.80292,"ycoord":246924.826607,"cd":210,"nta2010":"BX52","nta2020":"BX1002","council":13,"ct2010":"026400","ct2020":"026400","borocode":2,"schooldist":"08","policeprct":45,"datasource":"nypl_libraries","uid":"9adcf696a8a7a8026da5195272ae8221","count":1},"geometry":{"type":"Point","coordinates":[-73.827885,40.844298]}},{"type":"Feature","properties":{"facname":"QUEENSBORO HILL","addressnum":"60-05","streetname":"MAIN STREET","address":"60-05 MAIN STREET","city":"FLUSHING","zipcode":"11355","factype":"PUBLIC LIBRARY","facsubgrp":"PUBLIC LIBRARIES","facgroup":"LIBRARIES","facdomain":"LIBRARIES AND CULTURAL PROGRAMS","servarea":"Local","opname":"Queens Public Library","opabbrev":"Public","optype":"Public","overagency":"Queens Public Library","overabbrev":"QPL","overlevel":"City","capacity":0,"captype":null,"boro":"QUEENS","bin":4140176,"bbl":4064050050,"latitude":40.7429391024,"longitude":-73.8251737728,"xcoord":1032694.70654,"ycoord":209997.718369,"cd":407,"nta2010":"QN62","nta2020":"QN0706","council":20,"ct2010":"080301","ct2020":"080301","borocode":4,"schooldist":"25","policeprct":109,"datasource":"qpl_libraries","uid":"9b1c4c0bafae4a5f11bfed501608513d","count":1},"geometry":{"type":"Point","coordinates":[-73.825174,40.742939]}},{"type":"Feature","properties":{"facname":"CROWN HEIGHTS LIBRARY","addressnum":null,"streetname":null,"address":null,"city":"BROOKLYN","zipcode":"11225","factype":"PUBLIC LIBRARY","facsubgrp":"PUBLIC LIBRARIES","facgroup":"LIBRARIES","facdomain":"LIBRARIES AND CULTURAL PROGRAMS","servarea":"Local","opname":"Brooklyn Public Library","opabbrev":"BPL","optype":"Public","overagency":"Brooklyn Public Library","overabbrev":"BPL","overlevel":"City","capacity":0,"captype":null,"boro":"BROOKLYN","bin":3106505,"bbl":3047910046,"latitude":40.6611981,"longitude":-73.9481517,"xcoord":998634.906111,"ycoord":180172.944114,"cd":309,"nta2010":"BK60","nta2020":"BK0902","council":40,"ct2010":"080400","ct2020":"080400","borocode":3,"schooldist":"17","policeprct":71,"datasource":"bpl_libraries","uid":"9cfef2dfaa921b5b8a9895ee08b169b6","count":1},"geometry":{"type":"Point","coordinates":[-73.948152,40.661198]}},{"type":"Feature","properties":{"facname":"58TH STREET LIBRARY","addressnum":"127","streetname":"EAST 58 STREET","address":"127 EAST 58 STREET","city":"NEW YORK","zipcode":"10022","factype":"PUBLIC LIBRARY","facsubgrp":"PUBLIC LIBRARIES","facgroup":"LIBRARIES","facdomain":"LIBRARIES AND CULTURAL PROGRAMS","servarea":"Local","opname":"New York Public Library","opabbrev":"NYPL","optype":"Public","overagency":"New York Public Library","overabbrev":"NYPL","overlevel":"City","capacity":0,"captype":null,"boro":"MANHATTAN","bin":1037165,"bbl":1013130005,"latitude":40.7622404059,"longitude":-73.969325187,"xcoord":992747.596637,"ycoord":216982.952629,"cd":105,"nta2010":"MN19","nta2020":"MN0604","council":4,"ct2010":"011203","ct2020":"011203","borocode":1,"schooldist":"02","policeprct":18,"datasource":"nypl_libraries","uid":"9d43356b875ea17ae06094fc70c64bc7","count":1},"geometry":{"type":"Point","coordinates":[-73.969325,40.76224]}},{"type":"Feature","properties":{"facname":"HOMECREST LIBRARY","addressnum":"2525","streetname":"CONEY ISLAND AVENUE","address":"2525 CONEY ISLAND AVENUE","city":"BROOKLYN","zipcode":"11223","factype":"PUBLIC LIBRARY","facsubgrp":"PUBLIC LIBRARIES","facgroup":"LIBRARIES","facdomain":"LIBRARIES AND CULTURAL PROGRAMS","servarea":"Local","opname":"Brooklyn Public Library","opabbrev":"BPL","optype":"Public","overagency":"Brooklyn Public Library","overabbrev":"BPL","overlevel":"City","capacity":0,"captype":null,"boro":"BROOKLYN","bin":3200560,"bbl":3073710080,"latitude":40.5952409159,"longitude":-73.9606033658,"xcoord":995191.096306,"ycoord":156141.184813,"cd":315,"nta2010":"BK25","nta2020":"BK1501","council":48,"ct2010":"058400","ct2020":"058400","borocode":3,"schooldist":"21","policeprct":61,"datasource":"bpl_libraries","uid":"a012e77a10df1340bba5fb4b0c72fe7f","count":1},"geometry":{"type":"Point","coordinates":[-73.960603,40.595241]}},{"type":"Feature","properties":{"facname":"KIPS BAY LIBRARY","addressnum":"446","streetname":"THIRD AVENUE","address":"446 THIRD AVENUE","city":"NEW YORK","zipcode":"10016","factype":"PUBLIC LIBRARY","facsubgrp":"PUBLIC LIBRARIES","facgroup":"LIBRARIES","facdomain":"LIBRARIES AND CULTURAL PROGRAMS","servarea":"Local","opname":"New York Public Library","opabbrev":"NYPL","optype":"Public","overagency":"New York Public Library","overabbrev":"NYPL","overlevel":"City","capacity":0,"captype":null,"boro":"MANHATTAN","bin":1018325,"bbl":1008860051,"latitude":40.7438367887,"longitude":-73.9799354737,"xcoord":989809.850178,"ycoord":210277.067942,"cd":106,"nta2010":"MN20","nta2020":"MN0603","council":2,"ct2010":"007200","ct2020":"007200","borocode":1,"schooldist":"02","policeprct":17,"datasource":"nypl_libraries","uid":"a11f01ac1f7c0ac089c6661012c7572a","count":1},"geometry":{"type":"Point","coordinates":[-73.979935,40.743837]}},{"type":"Feature","properties":{"facname":"MAPLETON LIBRARY","addressnum":"1702","streetname":"60 STREET","address":"1702 60 STREET","city":"BROOKLYN","zipcode":"11204","factype":"PUBLIC LIBRARY","facsubgrp":"PUBLIC LIBRARIES","facgroup":"LIBRARIES","facdomain":"LIBRARIES AND CULTURAL PROGRAMS","servarea":"Local","opname":"Brooklyn Public Library","opabbrev":"BPL","optype":"Public","overagency":"Brooklyn Public Library","overabbrev":"BPL","overlevel":"City","capacity":0,"captype":null,"boro":"BROOKLYN","bin":3132091,"bbl":3055180004,"latitude":40.6230710774,"longitude":-73.9894435491,"xcoord":987180.479058,"ycoord":166278.151135,"cd":312,"nta2010":"BK88","nta2020":"BK1204","council":44,"ct2010":"024400","ct2020":"024400","borocode":3,"schooldist":"20","policeprct":66,"datasource":"bpl_libraries","uid":"a1558174abe8c63000565f347512a460","count":1},"geometry":{"type":"Point","coordinates":[-73.989444,40.623071]}},{"type":"Feature","properties":{"facname":"CENTRAL LIBRARY LEARNING CENTER","addressnum":"10","streetname":"GRAND ARMY PLAZA","address":"10 GRAND ARMY PLAZA","city":"BROOKLYN","zipcode":"11238","factype":"PUBLIC LIBRARY","facsubgrp":"PUBLIC LIBRARIES","facgroup":"LIBRARIES","facdomain":"LIBRARIES AND CULTURAL PROGRAMS","servarea":"Local","opname":"Brooklyn Public Library","opabbrev":"BPL","optype":"Public","overagency":"Brooklyn Public Library","overabbrev":"BPL","overlevel":"City","capacity":0,"captype":null,"boro":"BROOKLYN","bin":3029665,"bbl":3011830002,"latitude":40.6722468777,"longitude":-73.9681108345,"xcoord":993095.93495,"ycoord":184195.678878,"cd":355,"nta2010":"BK99","nta2020":"BK5591","council":35,"ct2010":"017700","ct2020":"017700","borocode":3,"schooldist":"17","policeprct":78,"datasource":"bpl_libraries","uid":"a1a899e29dc316685d18f9f131f1269f","count":1},"geometry":{"type":"Point","coordinates":[-73.968111,40.672247]}},{"type":"Feature","properties":{"facname":"THE MORGAN LIBRARY & MUSEUM","addressnum":"225","streetname":"MADISON AVENUE","address":"225 MADISON AVENUE","city":"NEW YORK","zipcode":"10016","factype":"SPECIAL LIBRARIES","facsubgrp":"ACADEMIC AND SPECIAL LIBRARIES","facgroup":"LIBRARIES","facdomain":"LIBRARIES AND CULTURAL PROGRAMS","servarea":"Regional","opname":"Pierpont Morgan Library","opabbrev":"Non-public","optype":"Non-public","overagency":"NYC Department of Education","overabbrev":"NYCDOE","overlevel":"City","capacity":0,"captype":null,"boro":"MANHATTAN","bin":1017186,"bbl":1008660058,"latitude":40.7492984206,"longitude":-73.9813293919,"xcoord":989423.173397,"ycoord":212266.829978,"cd":106,"nta2010":"MN20","nta2020":"MN0502","council":4,"ct2010":"008200","ct2020":"008200","borocode":1,"schooldist":"02","policeprct":17,"datasource":"nysed_activeinstitutions","uid":"a2353defe529d3fd27fef7ebf3c271a6","count":1},"geometry":{"type":"Point","coordinates":[-73.981329,40.749298]}},{"type":"Feature","properties":{"facname":"67TH STREET LIBRARY","addressnum":"328","streetname":"EAST 67 STREET","address":"328 EAST 67 STREET","city":"NEW YORK","zipcode":"10065","factype":"PUBLIC LIBRARY","facsubgrp":"PUBLIC LIBRARIES","facgroup":"LIBRARIES","facdomain":"LIBRARIES AND CULTURAL PROGRAMS","servarea":"Local","opname":"New York Public Library","opabbrev":"NYPL","optype":"Public","overagency":"New York Public Library","overabbrev":"NYPL","overlevel":"City","capacity":0,"captype":null,"boro":"MANHATTAN","bin":1044749,"bbl":1014410038,"latitude":40.7649198159,"longitude":-73.9595509675,"xcoord":995454.819076,"ycoord":217960.249068,"cd":108,"nta2010":"MN31","nta2020":"MN0801","council":5,"ct2010":"011800","ct2020":"011800","borocode":1,"schooldist":"02","policeprct":19,"datasource":"nypl_libraries","uid":"a36d89c436fb146cb22ebc31aad009fc","count":1},"geometry":{"type":"Point","coordinates":[-73.959551,40.76492]}},{"type":"Feature","properties":{"facname":"KINGS HIGHWAY LIBRARY","addressnum":"2115","streetname":"OCEAN AVENUE","address":"2115 OCEAN AVENUE","city":"BROOKLYN","zipcode":"11229","factype":"PUBLIC LIBRARY","facsubgrp":"PUBLIC LIBRARIES","facgroup":"LIBRARIES","facdomain":"LIBRARIES AND CULTURAL PROGRAMS","servarea":"Local","opname":"Brooklyn Public Library","opabbrev":"BPL","optype":"Public","overagency":"Brooklyn Public Library","overabbrev":"BPL","overlevel":"City","capacity":0,"captype":null,"boro":"BROOKLYN","bin":3182576,"bbl":3067830068,"latitude":40.6102600375,"longitude":-73.9531124404,"xcoord":997268.521016,"ycoord":161614.060855,"cd":315,"nta2010":"BK44","nta2020":"BK1502","council":48,"ct2010":"055000","ct2020":"055000","borocode":3,"schooldist":"22","policeprct":61,"datasource":"bpl_libraries","uid":"a4620153fce12890e463935e4884a34c","count":1},"geometry":{"type":"Point","coordinates":[-73.953112,40.61026]}},{"type":"Feature","properties":{"facname":"CHATHAM SQUARE LIBRARY","addressnum":"33","streetname":"EAST BROADWAY","address":"33 EAST BROADWAY","city":"NEW YORK","zipcode":"10002","factype":"PUBLIC LIBRARY","facsubgrp":"PUBLIC LIBRARIES","facgroup":"LIBRARIES","facdomain":"LIBRARIES AND CULTURAL PROGRAMS","servarea":"Local","opname":"New York Public Library","opabbrev":"NYPL","optype":"Public","overagency":"New York Public Library","overabbrev":"NYPL","overlevel":"City","capacity":0,"captype":null,"boro":"MANHATTAN","bin":1003425,"bbl":1002800044,"latitude":40.713337378,"longitude":-73.9964915185,"xcoord":985222.640031,"ycoord":199164.566069,"cd":103,"nta2010":"MN27","nta2020":"MN0301","council":1,"ct2010":"000800","ct2020":"000800","borocode":1,"schooldist":"02","policeprct":5,"datasource":"nypl_libraries","uid":"a4f1eed1eef75b46b1d69b2dda94344c","count":1},"geometry":{"type":"Point","coordinates":[-73.996492,40.713337]}},{"type":"Feature","properties":{"facname":"COURT SQUARE","addressnum":"25-01","streetname":"JACKSON AVENUE","address":"25-01 JACKSON AVENUE","city":"LONG ISLAND CITY","zipcode":"11101","factype":"PUBLIC LIBRARY","facsubgrp":"PUBLIC LIBRARIES","facgroup":"LIBRARIES","facdomain":"LIBRARIES AND CULTURAL PROGRAMS","servarea":"Local","opname":"Queens Public Library","opabbrev":"Public","optype":"Public","overagency":"Queens Public Library","overabbrev":"QPL","overlevel":"City","capacity":0,"captype":null,"boro":"QUEENS","bin":4539937,"bbl":4000790030,"latitude":40.7471162249,"longitude":-73.944570335,"xcoord":999608.720165,"ycoord":211476.094021,"cd":402,"nta2010":"QN31","nta2020":"QN0201","council":26,"ct2010":"001900","ct2020":"001901","borocode":4,"schooldist":"30","policeprct":108,"datasource":"qpl_libraries","uid":"a524a36c9798d46dd0a82c64c459907d","count":1},"geometry":{"type":"Point","coordinates":[-73.94457,40.747116]}},{"type":"Feature","properties":{"facname":"CYPRESS HILLS LIBRARY","addressnum":null,"streetname":null,"address":null,"city":"BROOKLYN","zipcode":"11208","factype":"PUBLIC LIBRARY","facsubgrp":"PUBLIC LIBRARIES","facgroup":"LIBRARIES","facdomain":"LIBRARIES AND CULTURAL PROGRAMS","servarea":"Local","opname":"Brooklyn Public Library","opabbrev":"BPL","optype":"Public","overagency":"Brooklyn Public Library","overabbrev":"BPL","overlevel":"City","capacity":0,"captype":null,"boro":"BROOKLYN","bin":3252993,"bbl":3042470033,"latitude":40.6726465,"longitude":-73.8740892,"xcoord":1019176.96333,"ycoord":184364.76425,"cd":305,"nta2010":"BK82","nta2020":"BK0505","council":42,"ct2010":"119600","ct2020":"119600","borocode":3,"schooldist":"19","policeprct":75,"datasource":"bpl_libraries","uid":"a7b6db231d339934acd98d5bd211453d","count":1},"geometry":{"type":"Point","coordinates":[-73.874089,40.672647]}},{"type":"Feature","properties":{"facname":"MIDWOOD LIBRARY","addressnum":null,"streetname":null,"address":null,"city":"BROOKLYN","zipcode":"11230","factype":"PUBLIC LIBRARY","facsubgrp":"PUBLIC LIBRARIES","facgroup":"LIBRARIES","facdomain":"LIBRARIES AND CULTURAL PROGRAMS","servarea":"Local","opname":"Brooklyn Public Library","opabbrev":"BPL","optype":"Public","overagency":"Brooklyn Public Library","overabbrev":"BPL","overlevel":"City","capacity":0,"captype":null,"boro":"BROOKLYN","bin":3179706,"bbl":3067090054,"latitude":40.625907,"longitude":-73.9604005,"xcoord":995242.384841,"ycoord":167313.660999,"cd":314,"nta2010":"BK43","nta2020":"BK1403","council":44,"ct2010":"053200","ct2020":"053200","borocode":3,"schooldist":"22","policeprct":70,"datasource":"bpl_libraries","uid":"a7a66339c88a54af1a93f3489fbf6d2c","count":1},"geometry":{"type":"Point","coordinates":[-73.9604,40.625907]}},{"type":"Feature","properties":{"facname":"TOTTENVILLE LIBRARY","addressnum":"7430","streetname":"AMBOY ROAD","address":"7430 AMBOY ROAD","city":"STATEN ISLAND","zipcode":"10307","factype":"PUBLIC LIBRARY","facsubgrp":"PUBLIC LIBRARIES","facgroup":"LIBRARIES","facdomain":"LIBRARIES AND CULTURAL PROGRAMS","servarea":"Local","opname":"New York Public Library","opabbrev":"NYPL","optype":"Public","overagency":"New York Public Library","overabbrev":"NYPL","overlevel":"City","capacity":0,"captype":null,"boro":"STATEN ISLAND","bin":5088113,"bbl":5078990009,"latitude":40.50953858,"longitude":-74.2441067062,"xcoord":916370.609431,"ycoord":125009.879517,"cd":503,"nta2010":"SI11","nta2020":"SI0305","council":51,"ct2010":"024401","ct2020":"024401","borocode":5,"schooldist":"31","policeprct":123,"datasource":"nypl_libraries","uid":"abe8d49f4539afc3b3410913867a23e1","count":1},"geometry":{"type":"Point","coordinates":[-74.244107,40.509539]}},{"type":"Feature","properties":{"facname":"BEDFORD LIBRARY LEARNING CENTER","addressnum":"496","streetname":"FRANKLIN AVENUE","address":"496 FRANKLIN AVENUE","city":"BROOKLYN","zipcode":"11238","factype":"PUBLIC LIBRARY","facsubgrp":"PUBLIC LIBRARIES","facgroup":"LIBRARIES","facdomain":"LIBRARIES AND CULTURAL PROGRAMS","servarea":"Local","opname":"Brooklyn Public Library","opabbrev":"BPL","optype":"Public","overagency":"Brooklyn Public Library","overabbrev":"BPL","overlevel":"City","capacity":0,"captype":null,"boro":"BROOKLYN","bin":3057384,"bbl":3019970032,"latitude":40.6818255657,"longitude":-73.9561679472,"xcoord":996407.10066,"ycoord":187686.901254,"cd":303,"nta2010":"BK69","nta2020":"BK0301","council":36,"ct2010":"022700","ct2020":"022700","borocode":3,"schooldist":"13","policeprct":79,"datasource":"bpl_libraries","uid":"a8589da70fabd73edaabb605896ede64","count":1},"geometry":{"type":"Point","coordinates":[-73.956168,40.681826]}},{"type":"Feature","properties":{"facname":"RED HOOK INTERIM LIBRARY","addressnum":"362","streetname":"VAN BRUNT STREET","address":"362 VAN BRUNT STREET","city":"BROOKLYN","zipcode":"11231","factype":"PUBLIC LIBRARY","facsubgrp":"PUBLIC LIBRARIES","facgroup":"LIBRARIES","facdomain":"LIBRARIES AND CULTURAL PROGRAMS","servarea":"Local","opname":"Brooklyn Public Library","opabbrev":"BPL","optype":"Public","overagency":"Brooklyn Public Library","overabbrev":"BPL","overlevel":"City","capacity":0,"captype":null,"boro":"BROOKLYN","bin":0,"bbl":3005657501,"latitude":40.6776658422,"longitude":-74.01292115,"xcoord":980666.012598,"ycoord":186168.616832,"cd":306,"nta2010":"BK33","nta2020":"BK0601","council":38,"ct2010":"005300","ct2020":"005301","borocode":3,"schooldist":"15","policeprct":76,"datasource":"bpl_libraries","uid":"a903d17656f774e0cce4e753f6f19633","count":1},"geometry":{"type":"Point","coordinates":[-74.012921,40.677666]}},{"type":"Feature","properties":{"facname":"CASTLE HILL LIBRARY","addressnum":"947","streetname":"CASTLE HILL AVENUE","address":"947 CASTLE HILL AVENUE","city":"BRONX","zipcode":"10473","factype":"PUBLIC LIBRARY","facsubgrp":"PUBLIC LIBRARIES","facgroup":"LIBRARIES","facdomain":"LIBRARIES AND CULTURAL PROGRAMS","servarea":"Local","opname":"New York Public Library","opabbrev":"NYPL","optype":"Public","overagency":"New York Public Library","overabbrev":"NYPL","overlevel":"City","capacity":0,"captype":null,"boro":"BRONX","bin":2022944,"bbl":2036880042,"latitude":40.8266161307,"longitude":-73.8501808487,"xcoord":1025713.06036,"ycoord":240471.230473,"cd":209,"nta2010":"BX59","nta2020":"BX0903","council":18,"ct2010":"009800","ct2020":"009800","borocode":2,"schooldist":"08","policeprct":43,"datasource":"nypl_libraries","uid":"a9c12e501b332c82a0a1bcf8a524c6fa","count":1},"geometry":{"type":"Point","coordinates":[-73.850181,40.826616]}},{"type":"Feature","properties":{"facname":"HOWARD BEACH","addressnum":"92-06","streetname":"156 AVENUE","address":"92-06 156 AVENUE","city":"HOWARD BEACH","zipcode":"11414","factype":"PUBLIC LIBRARY","facsubgrp":"PUBLIC LIBRARIES","facgroup":"LIBRARIES","facdomain":"LIBRARIES AND CULTURAL PROGRAMS","servarea":"Local","opname":"Queens Public Library","opabbrev":"Public","optype":"Public","overagency":"Queens Public Library","overabbrev":"QPL","overlevel":"City","capacity":0,"captype":null,"boro":"QUEENS","bin":4292455,"bbl":4139570001,"latitude":40.6638125681,"longitude":-73.8418005525,"xcoord":1028139.46028,"ycoord":181160.842953,"cd":410,"nta2010":"QN57","nta2020":"QN1003","council":32,"ct2010":"089200","ct2020":"089201","borocode":4,"schooldist":"27","policeprct":106,"datasource":"qpl_libraries","uid":"aa307766a9a9000abcefb8d241a5e00f","count":1},"geometry":{"type":"Point","coordinates":[-73.841801,40.663813]}},{"type":"Feature","properties":{"facname":"CARROLL GARDENS POP-UP LIBRARY","addressnum":"250","streetname":"BALTIC STREET","address":"250 BALTIC STREET","city":"BROOKLYN","zipcode":"11201","factype":"PUBLIC LIBRARY","facsubgrp":"PUBLIC LIBRARIES","facgroup":"LIBRARIES","facdomain":"LIBRARIES AND CULTURAL PROGRAMS","servarea":"Local","opname":"Brooklyn Public Library","opabbrev":"BPL","optype":"Public","overagency":"Brooklyn Public Library","overabbrev":"BPL","overlevel":"City","capacity":0,"captype":null,"boro":"BROOKLYN","bin":3003535,"bbl":3003120024,"latitude":40.6861307275,"longitude":-73.9947612172,"xcoord":985702.91624,"ycoord":189252.398404,"cd":306,"nta2010":"BK33","nta2020":"BK0601","council":39,"ct2010":"004500","ct2020":"004500","borocode":3,"schooldist":"15","policeprct":76,"datasource":"bpl_libraries","uid":"ad73a07244cde49bb1a17bd3a9c08d79","count":1},"geometry":{"type":"Point","coordinates":[-73.994761,40.686131]}},{"type":"Feature","properties":{"facname":"COLUMBIA UNIVERSITY BUTLER LIBRARY","addressnum":"535","streetname":"WEST 114 STREET","address":"535 WEST 114 STREET","city":"NEW YORK","zipcode":"10027","factype":"ACADEMIC LIBRARIES","facsubgrp":"ACADEMIC AND SPECIAL LIBRARIES","facgroup":"LIBRARIES","facdomain":"LIBRARIES AND CULTURAL PROGRAMS","servarea":"Regional","opname":"Columbia University Butler Library","opabbrev":"Non-public","optype":"Non-public","overagency":"NYC Department of Education","overabbrev":"NYCDOE","overlevel":"City","capacity":0,"captype":null,"boro":"MANHATTAN","bin":1082165,"bbl":1018860001,"latitude":40.8063776142,"longitude":-73.9631904899,"xcoord":994440.284999,"ycoord":233064.295088,"cd":109,"nta2010":"MN09","nta2020":"MN0901","council":7,"ct2010":"020300","ct2020":"020300","borocode":1,"schooldist":"03","policeprct":26,"datasource":"nysed_activeinstitutions","uid":"ae5611805e12522b94a2b2d7df77d810","count":1},"geometry":{"type":"Point","coordinates":[-73.96319,40.806378]}},{"type":"Feature","properties":{"facname":"CENTER FOR BROOKLYN HISTORY","addressnum":"128","streetname":"PIERREPONT STREET","address":"128 PIERREPONT STREET","city":"BROOKLYN","zipcode":"11201","factype":"PUBLIC LIBRARY","facsubgrp":"PUBLIC LIBRARIES","facgroup":"LIBRARIES","facdomain":"LIBRARIES AND CULTURAL PROGRAMS","servarea":"Local","opname":"Brooklyn Public Library","opabbrev":"BPL","optype":"Public","overagency":"Brooklyn Public Library","overabbrev":"BPL","overlevel":"City","capacity":0,"captype":null,"boro":"BROOKLYN","bin":3002006,"bbl":3002430047,"latitude":40.694799624,"longitude":-73.9924132662,"xcoord":986353.81992,"ycoord":192410.779049,"cd":302,"nta2010":"BK09","nta2020":"BK0201","council":33,"ct2010":"000502","ct2020":"000502","borocode":3,"schooldist":"13","policeprct":84,"datasource":"bpl_libraries","uid":"b03029576903d65be5e35bac912b53d0","count":1},"geometry":{"type":"Point","coordinates":[-73.992413,40.6948]}},{"type":"Feature","properties":{"facname":"SEWARD PARK LIBRARY","addressnum":"192","streetname":"EAST BROADWAY","address":"192 EAST BROADWAY","city":"NEW YORK","zipcode":"10002","factype":"PUBLIC LIBRARY","facsubgrp":"PUBLIC LIBRARIES","facgroup":"LIBRARIES","facdomain":"LIBRARIES AND CULTURAL PROGRAMS","servarea":"Local","opname":"New York Public Library","opabbrev":"NYPL","optype":"Public","overagency":"New York Public Library","overabbrev":"NYPL","overlevel":"City","capacity":0,"captype":null,"boro":"MANHATTAN","bin":1004053,"bbl":1003110031,"latitude":40.7144623913,"longitude":-73.9885294832,"xcoord":987429.864415,"ycoord":199574.631315,"cd":103,"nta2010":"MN28","nta2020":"MN0302","council":1,"ct2010":"001401","ct2020":"001401","borocode":1,"schooldist":"02","policeprct":7,"datasource":"nypl_libraries","uid":"b0ff74d1ce1165b148b545ba811cdce7","count":1},"geometry":{"type":"Point","coordinates":[-73.988529,40.714462]}},{"type":"Feature","properties":{"facname":"HARLEM LIBRARY","addressnum":"9","streetname":"WEST 124 STREET","address":"9 WEST 124 STREET","city":"NEW YORK","zipcode":"10027","factype":"PUBLIC LIBRARY","facsubgrp":"PUBLIC LIBRARIES","facgroup":"LIBRARIES","facdomain":"LIBRARIES AND CULTURAL PROGRAMS","servarea":"Local","opname":"New York Public Library","opabbrev":"NYPL","optype":"Public","overagency":"New York Public Library","overabbrev":"NYPL","overlevel":"City","capacity":0,"captype":null,"boro":"MANHATTAN","bin":1053460,"bbl":1017220030,"latitude":40.8061988843,"longitude":-73.9433023724,"xcoord":999946.120689,"ycoord":233002.116127,"cd":110,"nta2010":"MN11","nta2020":"MN1001","council":9,"ct2010":"020000","ct2020":"020000","borocode":1,"schooldist":"05","policeprct":28,"datasource":"nypl_libraries","uid":"b144192f59ca2c82202a2f258e9dc134","count":1},"geometry":{"type":"Point","coordinates":[-73.943302,40.806199]}},{"type":"Feature","properties":{"facname":"NEW YORK PHILHARMONIC","addressnum":null,"streetname":null,"address":"10 LINCOLN CENTER PLAZA","city":"NEW YORK","zipcode":"10023","factype":"SPECIAL LIBRARIES","facsubgrp":"ACADEMIC AND SPECIAL LIBRARIES","facgroup":"LIBRARIES","facdomain":"LIBRARIES AND CULTURAL PROGRAMS","servarea":"Regional","opname":"The Philharmonic-Symphony Society Of New York, Inc.","opabbrev":"Non-public","optype":"Non-public","overagency":"NYC Department of Education","overabbrev":"NYCDOE","overlevel":"City","capacity":0,"captype":null,"boro":"MANHATTAN","bin":1081023,"bbl":1011340001,"latitude":40.7726862852,"longitude":-73.9827257926,"xcoord":989034.584256,"ycoord":220787.716589,"cd":107,"nta2010":"MN14","nta2020":"MN0701","council":6,"ct2010":"014900","ct2020":"014900","borocode":1,"schooldist":"03","policeprct":20,"datasource":"nysed_activeinstitutions","uid":"b25236053379b6914f6e55b5c74070d9","count":1},"geometry":{"type":"Point","coordinates":[-73.982726,40.772686]}},{"type":"Feature","properties":{"facname":"CLARENDON LIBRARY","addressnum":"2035","streetname":"NOSTRAND AVENUE","address":"2035 NOSTRAND AVENUE","city":"BROOKLYN","zipcode":"11210","factype":"PUBLIC LIBRARY","facsubgrp":"PUBLIC LIBRARIES","facgroup":"LIBRARIES","facdomain":"LIBRARIES AND CULTURAL PROGRAMS","servarea":"Local","opname":"Brooklyn Public Library","opabbrev":"BPL","optype":"Public","overagency":"Brooklyn Public Library","overabbrev":"BPL","overlevel":"City","capacity":0,"captype":null,"boro":"BROOKLYN","bin":3327822,"bbl":3050050033,"latitude":40.6357517462,"longitude":-73.9476281097,"xcoord":998785.714874,"ycoord":170902.226218,"cd":317,"nta2010":"BK42","nta2020":"BK1702","council":45,"ct2010":"078600","ct2020":"078602","borocode":3,"schooldist":"22","policeprct":67,"datasource":"bpl_libraries","uid":"b31e7bd44b77f06bd24517fd76c512f3","count":1},"geometry":{"type":"Point","coordinates":[-73.947628,40.635752]}},{"type":"Feature","properties":{"facname":"JEROME PARK LIBRARY","addressnum":"118","streetname":"EAMES PLACE","address":"118 EAMES PLACE","city":"BRONX","zipcode":"10468","factype":"PUBLIC LIBRARY","facsubgrp":"PUBLIC LIBRARIES","facgroup":"LIBRARIES","facdomain":"LIBRARIES AND CULTURAL PROGRAMS","servarea":"Local","opname":"New York Public Library","opabbrev":"NYPL","optype":"Public","overagency":"New York Public Library","overabbrev":"NYPL","overlevel":"City","capacity":0,"captype":null,"boro":"BRONX","bin":2015263,"bbl":2032480070,"latitude":40.8690449509,"longitude":-73.9012159947,"xcoord":1011571.45081,"ycoord":255909.604095,"cd":208,"nta2010":"BX28","nta2020":"BX0801","council":14,"ct2010":"026701","ct2020":"026701","borocode":2,"schooldist":"10","policeprct":50,"datasource":"nypl_libraries","uid":"b3df3a9708327cd901d785517e576463","count":1},"geometry":{"type":"Point","coordinates":[-73.901216,40.869045]}},{"type":"Feature","properties":{"facname":"WOODSTOCK LIBRARY","addressnum":"761","streetname":"EAST 160 STREET","address":"761 EAST 160 STREET","city":"BRONX","zipcode":"10456","factype":"PUBLIC LIBRARY","facsubgrp":"PUBLIC LIBRARIES","facgroup":"LIBRARIES","facdomain":"LIBRARIES AND CULTURAL PROGRAMS","servarea":"Local","opname":"New York Public Library","opabbrev":"NYPL","optype":"Public","overagency":"New York Public Library","overabbrev":"NYPL","overlevel":"City","capacity":0,"captype":null,"boro":"BRONX","bin":2004700,"bbl":2026570030,"latitude":40.8206484685,"longitude":-73.9046295224,"xcoord":1010646.54295,"ycoord":238275.906067,"cd":201,"nta2010":"BX34","nta2020":"BX0102","council":17,"ct2010":"007700","ct2020":"007700","borocode":2,"schooldist":"07","policeprct":40,"datasource":"nypl_libraries","uid":"b374e2b2fc5e74face18dc76be6a8465","count":1},"geometry":{"type":"Point","coordinates":[-73.90463,40.820648]}},{"type":"Feature","properties":{"facname":"FRANCIS MARTIN LIBRARY","addressnum":"2150","streetname":"UNIVERSITY AVENUE","address":"2150 UNIVERSITY AVENUE","city":"BRONX","zipcode":"10453","factype":"PUBLIC LIBRARY","facsubgrp":"PUBLIC LIBRARIES","facgroup":"LIBRARIES","facdomain":"LIBRARIES AND CULTURAL PROGRAMS","servarea":"Local","opname":"New York Public Library","opabbrev":"NYPL","optype":"Public","overagency":"New York Public Library","overabbrev":"NYPL","overlevel":"City","capacity":0,"captype":null,"boro":"BRONX","bin":2014579,"bbl":2032110005,"latitude":40.8574404243,"longitude":-73.9092811598,"xcoord":1009345.18563,"ycoord":251679.213705,"cd":205,"nta2010":"BX36","nta2020":"BX0501","council":14,"ct2010":"025100","ct2020":"025100","borocode":2,"schooldist":"10","policeprct":46,"datasource":"nypl_libraries","uid":"b43dccbd9814ff1239d213c864d3395d","count":1},"geometry":{"type":"Point","coordinates":[-73.909281,40.85744]}},{"type":"Feature","properties":{"facname":"SUNSET PARK LIBRARY","addressnum":"5108","streetname":"FOURTH AVENUE","address":"5108 FOURTH AVENUE","city":"BROOKLYN","zipcode":"11220","factype":"PUBLIC LIBRARY","facsubgrp":"PUBLIC LIBRARIES","facgroup":"LIBRARIES","facdomain":"LIBRARIES AND CULTURAL PROGRAMS","servarea":"Local","opname":"Brooklyn Public Library","opabbrev":"BPL","optype":"Public","overagency":"Brooklyn Public Library","overabbrev":"BPL","overlevel":"City","capacity":0,"captype":null,"boro":"BROOKLYN","bin":3013507,"bbl":3007987501,"latitude":40.6459314704,"longitude":-74.0136541247,"xcoord":980460.902511,"ycoord":174606.92636,"cd":307,"nta2010":"BK32","nta2020":"BK0702","council":38,"ct2010":"007800","ct2020":"007800","borocode":3,"schooldist":"15","policeprct":72,"datasource":"bpl_libraries","uid":"b4c53ee709e20c24ee69b271956fe7ea","count":1},"geometry":{"type":"Point","coordinates":[-74.013654,40.645931]}},{"type":"Feature","properties":{"facname":"HILLCREST","addressnum":"187-05","streetname":"UNION TURNPIKE","address":"187-05 UNION TURNPIKE","city":"FRESH MEADOWS","zipcode":"11366","factype":"PUBLIC LIBRARY","facsubgrp":"PUBLIC LIBRARIES","facgroup":"LIBRARIES","facdomain":"LIBRARIES AND CULTURAL PROGRAMS","servarea":"Local","opname":"Queens Public Library","opabbrev":"Public","optype":"Public","overagency":"Queens Public Library","overabbrev":"QPL","overlevel":"City","capacity":0,"captype":null,"boro":"QUEENS","bin":4155032,"bbl":4072040040,"latitude":40.7292611568,"longitude":-73.7819066512,"xcoord":1044696.49954,"ycoord":205041.31679,"cd":408,"nta2010":"QN41","nta2020":"QN0803","council":24,"ct2010":"133300","ct2020":"133300","borocode":4,"schooldist":"26","policeprct":107,"datasource":"qpl_libraries","uid":"b71608ae8ac2e2af3f1bb090cd86362e","count":1},"geometry":{"type":"Point","coordinates":[-73.781907,40.729261]}},{"type":"Feature","properties":{"facname":"REGO PARK","addressnum":"91-41","streetname":"63 DRIVE","address":"91-41 63 DRIVE","city":"REGO PARK","zipcode":"11374","factype":"PUBLIC LIBRARY","facsubgrp":"PUBLIC LIBRARIES","facgroup":"LIBRARIES","facdomain":"LIBRARIES AND CULTURAL PROGRAMS","servarea":"Local","opname":"Queens Public Library","opabbrev":"Public","optype":"Public","overagency":"Queens Public Library","overabbrev":"QPL","overlevel":"City","capacity":0,"captype":null,"boro":"QUEENS","bin":4072812,"bbl":4031030043,"latitude":40.7273227692,"longitude":-73.8645065694,"xcoord":1021804.3182,"ycoord":204288.898227,"cd":406,"nta2010":"QN18","nta2020":"QN0601","council":30,"ct2010":"069500","ct2020":"069500","borocode":4,"schooldist":"28","policeprct":112,"datasource":"qpl_libraries","uid":"ba2a6ea0e3ba545e0ed532563b0abb46","count":1},"geometry":{"type":"Point","coordinates":[-73.864507,40.727323]}},{"type":"Feature","properties":{"facname":"DYKER LIBRARY","addressnum":"8202","streetname":"13 AVENUE","address":"8202 13 AVENUE","city":"BROOKLYN","zipcode":"11228","factype":"PUBLIC LIBRARY","facsubgrp":"PUBLIC LIBRARIES","facgroup":"LIBRARIES","facdomain":"LIBRARIES AND CULTURAL PROGRAMS","servarea":"Local","opname":"Brooklyn Public Library","opabbrev":"BPL","optype":"Public","overagency":"Brooklyn Public Library","overabbrev":"BPL","overlevel":"City","capacity":0,"captype":null,"boro":"BROOKLYN","bin":3164019,"bbl":3063020036,"latitude":40.6163154589,"longitude":-74.0119900831,"xcoord":980921.206642,"ycoord":163816.952597,"cd":310,"nta2010":"BK30","nta2020":"BK1002","council":50,"ct2010":"014800","ct2020":"014800","borocode":3,"schooldist":"20","policeprct":68,"datasource":"bpl_libraries","uid":"ba80fc9f70021d8ed6584ace9bb73f8a","count":1},"geometry":{"type":"Point","coordinates":[-74.01199,40.616315]}},{"type":"Feature","properties":{"facname":"BAY RIDGE LIBRARY","addressnum":null,"streetname":null,"address":null,"city":"BROOKLYN","zipcode":"11209","factype":"PUBLIC LIBRARY","facsubgrp":"PUBLIC LIBRARIES","facgroup":"LIBRARIES","facdomain":"LIBRARIES AND CULTURAL PROGRAMS","servarea":"Local","opname":"Brooklyn Public Library","opabbrev":"BPL","optype":"Public","overagency":"Brooklyn Public Library","overabbrev":"BPL","overlevel":"City","capacity":0,"captype":null,"boro":"BROOKLYN","bin":3147279,"bbl":3059070001,"latitude":40.6336068,"longitude":-74.0295073,"xcoord":976060.043497,"ycoord":170117.798723,"cd":310,"nta2010":"BK31","nta2020":"BK1001","council":47,"ct2010":"006600","ct2020":"006600","borocode":3,"schooldist":"20","policeprct":68,"datasource":"bpl_libraries","uid":"bb042af060667148d140bd63428f101d","count":1},"geometry":{"type":"Point","coordinates":[-74.029507,40.633607]}},{"type":"Feature","properties":{"facname":"EASTERN PARKWAY LIBRARY","addressnum":null,"streetname":null,"address":null,"city":"BROOKLYN","zipcode":"11213","factype":"PUBLIC LIBRARY","facsubgrp":"PUBLIC LIBRARIES","facgroup":"LIBRARIES","facdomain":"LIBRARIES AND CULTURAL PROGRAMS","servarea":"Local","opname":"Brooklyn Public Library","opabbrev":"BPL","optype":"Public","overagency":"Brooklyn Public Library","overabbrev":"BPL","overlevel":"City","capacity":0,"captype":null,"boro":"BROOKLYN","bin":3037543,"bbl":3013960006,"latitude":40.6684863,"longitude":-73.9336735,"xcoord":1002649.75848,"ycoord":182830.949397,"cd":309,"nta2010":"BK61","nta2020":"BK0901","council":35,"ct2010":"035100","ct2020":"035102","borocode":3,"schooldist":"17","policeprct":71,"datasource":"bpl_libraries","uid":"bb135b6728a1819e4315dad251f52512","count":1},"geometry":{"type":"Point","coordinates":[-73.933673,40.668486]}},{"type":"Feature","properties":{"facname":"BEDFORD LIBRARY","addressnum":"496","streetname":"FRANKLIN AVENUE","address":"496 FRANKLIN AVENUE","city":"BROOKLYN","zipcode":"11238","factype":"PUBLIC LIBRARY","facsubgrp":"PUBLIC LIBRARIES","facgroup":"LIBRARIES","facdomain":"LIBRARIES AND CULTURAL PROGRAMS","servarea":"Local","opname":"Brooklyn Public Library","opabbrev":"BPL","optype":"Public","overagency":"Brooklyn Public Library","overabbrev":"BPL","overlevel":"City","capacity":0,"captype":null,"boro":"BROOKLYN","bin":3057384,"bbl":3019970032,"latitude":40.6818255657,"longitude":-73.9561679472,"xcoord":996407.10066,"ycoord":187686.901254,"cd":303,"nta2010":"BK69","nta2020":"BK0301","council":36,"ct2010":"022700","ct2020":"022700","borocode":3,"schooldist":"13","policeprct":79,"datasource":"bpl_libraries","uid":"bd6537ca26c02f845fb659dc6d6a8c53","count":1},"geometry":{"type":"Point","coordinates":[-73.956168,40.681826]}},{"type":"Feature","properties":{"facname":"GRAVESEND LIBRARY","addressnum":null,"streetname":null,"address":null,"city":"BROOKLYN","zipcode":"11223","factype":"PUBLIC LIBRARY","facsubgrp":"PUBLIC LIBRARIES","facgroup":"LIBRARIES","facdomain":"LIBRARIES AND CULTURAL PROGRAMS","servarea":"Local","opname":"Brooklyn Public Library","opabbrev":"BPL","optype":"Public","overagency":"Brooklyn Public Library","overabbrev":"BPL","overlevel":"City","capacity":0,"captype":null,"boro":"BROOKLYN","bin":3194486,"bbl":3071740096,"latitude":40.5906025,"longitude":-73.9717539,"xcoord":992094.953757,"ycoord":154450.096671,"cd":315,"nta2010":"BK26","nta2020":"BK1501","council":44,"ct2010":"038600","ct2020":"038600","borocode":3,"schooldist":"21","policeprct":61,"datasource":"bpl_libraries","uid":"befe064f9e81ee72936e3ff5f2790ef3","count":1},"geometry":{"type":"Point","coordinates":[-73.971754,40.590602]}},{"type":"Feature","properties":{"facname":"HIGHLAWN LIBRARY","addressnum":"1664","streetname":"WEST 13 STREET","address":"1664 WEST 13 STREET","city":"BROOKLYN","zipcode":"11223","factype":"PUBLIC LIBRARY","facsubgrp":"PUBLIC LIBRARIES","facgroup":"LIBRARIES","facdomain":"LIBRARIES AND CULTURAL PROGRAMS","servarea":"Local","opname":"Brooklyn Public Library","opabbrev":"BPL","optype":"Public","overagency":"Brooklyn Public Library","overabbrev":"BPL","overlevel":"City","capacity":0,"captype":null,"boro":"BROOKLYN","bin":3175253,"bbl":3066180034,"latitude":40.6056973232,"longitude":-73.9862317806,"xcoord":988073.063391,"ycoord":159948.562113,"cd":311,"nta2010":"BK29","nta2020":"BK1103","council":43,"ct2010":"040400","ct2020":"040400","borocode":3,"schooldist":"21","policeprct":62,"datasource":"bpl_libraries","uid":"c022bda103ca7789e4e97d0641a41aac","count":1},"geometry":{"type":"Point","coordinates":[-73.986232,40.605697]}},{"type":"Feature","properties":{"facname":"CAMBRIA HEIGHTS","addressnum":"218-13","streetname":"LINDEN BOULEVARD","address":"218-13 LINDEN BOULEVARD","city":"CAMBRIA HEIGHTS","zipcode":"11411","factype":"PUBLIC LIBRARY","facsubgrp":"PUBLIC LIBRARIES","facgroup":"LIBRARIES","facdomain":"LIBRARIES AND CULTURAL PROGRAMS","servarea":"Local","opname":"Queens Public Library","opabbrev":"Public","optype":"Public","overagency":"Queens Public Library","overabbrev":"QPL","overlevel":"City","capacity":0,"captype":null,"boro":"QUEENS","bin":4536041,"bbl":4113190001,"latitude":40.6957447119,"longitude":-73.7411365589,"xcoord":1056032.34623,"ycoord":192861.075439,"cd":413,"nta2010":"QN33","nta2020":"QN1304","council":27,"ct2010":"059800","ct2020":"059800","borocode":4,"schooldist":"29","policeprct":105,"datasource":"qpl_libraries","uid":"c2fa4cfe8873cc88d8c5bfac8e6443d2","count":1},"geometry":{"type":"Point","coordinates":[-73.741137,40.695745]}},{"type":"Feature","properties":{"facname":"LEFFERTS","addressnum":"103-34","streetname":"LEFFERTS BOULEVARD","address":"103-34 LEFFERTS BOULEVARD","city":"SOUTH RICHMOND HILL","zipcode":"11419","factype":"PUBLIC LIBRARY","facsubgrp":"PUBLIC LIBRARIES","facgroup":"LIBRARIES","facdomain":"LIBRARIES AND CULTURAL PROGRAMS","servarea":"Local","opname":"Queens Public Library","opabbrev":"Public","optype":"Public","overagency":"Queens Public Library","overabbrev":"QPL","overlevel":"City","capacity":0,"captype":null,"boro":"QUEENS","bin":4203685,"bbl":4095560020,"latitude":40.6869096925,"longitude":-73.8248405908,"xcoord":1032827.85007,"ycoord":189584.722723,"cd":410,"nta2010":"QN55","nta2020":"QN1001","council":29,"ct2010":"010600","ct2020":"010600","borocode":4,"schooldist":"27","policeprct":106,"datasource":"qpl_libraries","uid":"c3d6a7607ea15bb6aef74a755a1f2eef","count":1},"geometry":{"type":"Point","coordinates":[-73.824841,40.68691]}},{"type":"Feature","properties":{"facname":"FLATLANDS LIBRARY","addressnum":"2065","streetname":"FLATBUSH AVENUE","address":"2065 FLATBUSH AVENUE","city":"BROOKLYN","zipcode":"11234","factype":"PUBLIC LIBRARY","facsubgrp":"PUBLIC LIBRARIES","facgroup":"LIBRARIES","facdomain":"LIBRARIES AND CULTURAL PROGRAMS","servarea":"Local","opname":"Brooklyn Public Library","opabbrev":"BPL","optype":"Public","overagency":"Brooklyn Public Library","overabbrev":"BPL","overlevel":"City","capacity":0,"captype":null,"boro":"BROOKLYN","bin":3219626,"bbl":3078680039,"latitude":40.6197818309,"longitude":-73.9332116024,"xcoord":1002791.42349,"ycoord":165086.683623,"cd":318,"nta2010":"BK58","nta2020":"BK1801","council":45,"ct2010":"065000","ct2020":"065000","borocode":3,"schooldist":"22","policeprct":63,"datasource":"bpl_libraries","uid":"c563801fdb3707f20bcee5b5b9e927c3","count":1},"geometry":{"type":"Point","coordinates":[-73.933212,40.619782]}},{"type":"Feature","properties":{"facname":"BAYSIDE","addressnum":"214-20","streetname":"NORTHERN BOULEVARD","address":"214-20 NORTHERN BOULEVARD","city":"BAYSIDE","zipcode":"11361","factype":"PUBLIC LIBRARY","facsubgrp":"PUBLIC LIBRARIES","facgroup":"LIBRARIES","facdomain":"LIBRARIES AND CULTURAL PROGRAMS","servarea":"Local","opname":"Queens Public Library","opabbrev":"Public","optype":"Public","overagency":"Queens Public Library","overabbrev":"QPL","overlevel":"City","capacity":0,"captype":null,"boro":"QUEENS","bin":4157389,"bbl":4073330215,"latitude":40.7601339324,"longitude":-73.768362149,"xcoord":1048420.72608,"ycoord":216298.852397,"cd":411,"nta2010":"QN46","nta2020":"QN1102","council":19,"ct2010":"147100","ct2020":"147100","borocode":4,"schooldist":"26","policeprct":111,"datasource":"qpl_libraries","uid":"c5721da4524672689c904efbcdc4b450","count":1},"geometry":{"type":"Point","coordinates":[-73.768362,40.760134]}},{"type":"Feature","properties":{"facname":"EAST FLUSHING","addressnum":"196-36","streetname":"NORTHERN BOULEVARD","address":"196-36 NORTHERN BOULEVARD","city":"FLUSHING","zipcode":"11358","factype":"PUBLIC LIBRARY","facsubgrp":"PUBLIC LIBRARIES","facgroup":"LIBRARIES","facdomain":"LIBRARIES AND CULTURAL PROGRAMS","servarea":"Local","opname":"Queens Public Library","opabbrev":"Public","optype":"Public","overagency":"Queens Public Library","overabbrev":"QPL","overlevel":"City","capacity":0,"captype":null,"boro":"QUEENS","bin":4124564,"bbl":4055200018,"latitude":40.7575534883,"longitude":-73.7843067323,"xcoord":1044005.91602,"ycoord":215347.436687,"cd":411,"nta2010":"QN48","nta2020":"QN1101","council":19,"ct2010":"145101","ct2020":"145101","borocode":4,"schooldist":"26","policeprct":111,"datasource":"qpl_libraries","uid":"c5d79833d02442fe2f12dddeaa0f1662","count":1},"geometry":{"type":"Point","coordinates":[-73.784307,40.757553]}},{"type":"Feature","properties":{"facname":"CONEY ISLAND LIBRARY","addressnum":null,"streetname":null,"address":"1901 MERMAID AVE. (NEAR W. 19TH ST.) BROOKLYN, NY 11224","city":"BROOKLYN","zipcode":"11224","factype":"PUBLIC LIBRARY","facsubgrp":"PUBLIC LIBRARIES","facgroup":"LIBRARIES","facdomain":"LIBRARIES AND CULTURAL PROGRAMS","servarea":"Local","opname":"Brooklyn Public Library","opabbrev":"BPL","optype":"Public","overagency":"Brooklyn Public Library","overabbrev":"BPL","overlevel":"City","capacity":0,"captype":null,"boro":"BROOKLYN","bin":3189001,"bbl":3070190043,"latitude":40.5767651,"longitude":-73.9860791,"xcoord":988117.133795,"ycoord":149407.827665,"cd":313,"nta2010":"BK21","nta2020":"BK1302","council":47,"ct2010":"032600","ct2020":"032600","borocode":3,"schooldist":"21","policeprct":60,"datasource":"bpl_libraries","uid":"c89266a970df25d7cd751f529af4c825","count":1},"geometry":{"type":"Point","coordinates":[-73.986079,40.576765]}},{"type":"Feature","properties":{"facname":"PENINSULA","addressnum":"92-25","streetname":"ROCKAWAY BEACH BOULEVARD","address":"92-25 ROCKAWAY BEACH BOULEVARD","city":"FAR ROCKAWAY","zipcode":"11693","factype":"PUBLIC LIBRARY","facsubgrp":"PUBLIC LIBRARIES","facgroup":"LIBRARIES","facdomain":"LIBRARIES AND CULTURAL PROGRAMS","servarea":"Local","opname":"Queens Public Library","opabbrev":"Public","optype":"Public","overagency":"Queens Public Library","overabbrev":"QPL","overlevel":"City","capacity":0,"captype":null,"boro":"QUEENS","bin":4303629,"bbl":4161350013,"latitude":40.5858465557,"longitude":-73.816060445,"xcoord":1035340.20496,"ycoord":152769.761926,"cd":414,"nta2010":"QN12","nta2020":"QN1402","council":32,"ct2010":"094203","ct2020":"094203","borocode":4,"schooldist":"27","policeprct":100,"datasource":"qpl_libraries","uid":"c9966020c0bea9af8eee638daa52111c","count":1},"geometry":{"type":"Point","coordinates":[-73.81606,40.585847]}},{"type":"Feature","properties":{"facname":"KEW GARDENS HILLS","addressnum":"72-33","streetname":"VLEIGH PLACE","address":"72-33 VLEIGH PLACE","city":"FLUSHING","zipcode":"11367","factype":"PUBLIC LIBRARY","facsubgrp":"PUBLIC LIBRARIES","facgroup":"LIBRARIES","facdomain":"LIBRARIES AND CULTURAL PROGRAMS","servarea":"Local","opname":"Queens Public Library","opabbrev":"Public","optype":"Public","overagency":"Queens Public Library","overabbrev":"QPL","overlevel":"City","capacity":0,"captype":null,"boro":"QUEENS","bin":4619938,"bbl":4066610005,"latitude":40.7259407866,"longitude":-73.8207482989,"xcoord":1033933.68564,"ycoord":203807.189307,"cd":408,"nta2010":"QN37","nta2020":"QN0801","council":24,"ct2010":"077907","ct2020":"077907","borocode":4,"schooldist":"25","policeprct":107,"datasource":"qpl_libraries","uid":"cd7c8b1d7b0946e1a01b14d20c958d46","count":1},"geometry":{"type":"Point","coordinates":[-73.820748,40.725941]}},{"type":"Feature","properties":{"facname":"ROOSEVELT ISLAND LIBRARY","addressnum":"504","streetname":"MAIN STREET","address":"504 MAIN STREET","city":"NEW YORK","zipcode":"10044","factype":"PUBLIC LIBRARY","facsubgrp":"PUBLIC LIBRARIES","facgroup":"LIBRARIES","facdomain":"LIBRARIES AND CULTURAL PROGRAMS","servarea":"Local","opname":"New York Public Library","opabbrev":"NYPL","optype":"Public","overagency":"New York Public Library","overabbrev":"NYPL","overlevel":"City","capacity":0,"captype":null,"boro":"MANHATTAN","bin":1083215,"bbl":1013730001,"latitude":40.7607768231,"longitude":-73.950545452,"xcoord":997950.296113,"ycoord":216452.100888,"cd":108,"nta2010":"MN31","nta2020":"MN0801","council":5,"ct2010":"023801","ct2020":"023803","borocode":1,"schooldist":"02","policeprct":114,"datasource":"nypl_libraries","uid":"d0f9f64536e8ad6862fa85219ce739c3","count":1},"geometry":{"type":"Point","coordinates":[-73.950545,40.760777]}},{"type":"Feature","properties":{"facname":"PARK SLOPE LIBRARY","addressnum":"431","streetname":"6 AVENUE","address":"431 6 AVENUE","city":"BROOKLYN","zipcode":"11215","factype":"PUBLIC LIBRARY","facsubgrp":"PUBLIC LIBRARIES","facgroup":"LIBRARIES","facdomain":"LIBRARIES AND CULTURAL PROGRAMS","servarea":"Local","opname":"Brooklyn Public Library","opabbrev":"BPL","optype":"Public","overagency":"Brooklyn Public Library","overabbrev":"BPL","overlevel":"City","capacity":0,"captype":null,"boro":"BROOKLYN","bin":3022144,"bbl":3010060001,"latitude":40.6682222211,"longitude":-73.9834260381,"xcoord":988847.83239,"ycoord":182728.207003,"cd":306,"nta2010":"BK37","nta2020":"BK0602","council":39,"ct2010":"015300","ct2020":"015300","borocode":3,"schooldist":"15","policeprct":78,"datasource":"bpl_libraries","uid":"d0630ef4d3ea1a041bf5a4ff1bc1ef2a","count":1},"geometry":{"type":"Point","coordinates":[-73.983426,40.668222]}},{"type":"Feature","properties":{"facname":"WOODSIDE","addressnum":"54-22","streetname":"SKILLMAN AVENUE","address":"54-22 SKILLMAN AVENUE","city":"WOODSIDE","zipcode":"11377","factype":"PUBLIC LIBRARY","facsubgrp":"PUBLIC LIBRARIES","facgroup":"LIBRARIES","facdomain":"LIBRARIES AND CULTURAL PROGRAMS","servarea":"Local","opname":"Queens Public Library","opabbrev":"Public","optype":"Public","overagency":"Queens Public Library","overabbrev":"QPL","overlevel":"City","capacity":0,"captype":null,"boro":"QUEENS","bin":4030847,"bbl":4013170085,"latitude":40.7453493823,"longitude":-73.909799047,"xcoord":1009243.97722,"ycoord":210840.385802,"cd":402,"nta2010":"QN63","nta2020":"QN0203","council":26,"ct2010":"025100","ct2020":"025100","borocode":4,"schooldist":"30","policeprct":108,"datasource":"qpl_libraries","uid":"d1491012d9af2e5faa34f5e63c2bbca6","count":1},"geometry":{"type":"Point","coordinates":[-73.909799,40.745349]}},{"type":"Feature","properties":{"facname":"SOUTH HOLLIS","addressnum":"204-01","streetname":"HOLLIS AVENUE","address":"204-01 HOLLIS AVENUE","city":"SAINT ALBANS","zipcode":"11412","factype":"PUBLIC LIBRARY","facsubgrp":"PUBLIC LIBRARIES","facgroup":"LIBRARIES","facdomain":"LIBRARIES AND CULTURAL PROGRAMS","servarea":"Local","opname":"Queens Public Library","opabbrev":"Public","optype":"Public","overagency":"Queens Public Library","overabbrev":"QPL","overlevel":"City","capacity":0,"captype":null,"boro":"QUEENS","bin":4442263,"bbl":4109070030,"latitude":40.7070198089,"longitude":-73.7537969644,"xcoord":1052510.10342,"ycoord":196958.792104,"cd":412,"nta2010":"QN07","nta2020":"QN1206","council":27,"ct2010":"050800","ct2020":"050800","borocode":4,"schooldist":"29","policeprct":103,"datasource":"qpl_libraries","uid":"d322aa826a4b8e816e0594aa606b1bea","count":1},"geometry":{"type":"Point","coordinates":[-73.753797,40.70702]}},{"type":"Feature","properties":{"facname":"FAR ROCKAWAY","addressnum":"16-37","streetname":"CENTRAL AVENUE","address":"16-37 CENTRAL AVENUE","city":"FAR ROCKAWAY","zipcode":"11691","factype":"PUBLIC LIBRARY","facsubgrp":"PUBLIC LIBRARIES","facgroup":"LIBRARIES","facdomain":"LIBRARIES AND CULTURAL PROGRAMS","servarea":"Local","opname":"Queens Public Library","opabbrev":"Public","optype":"Public","overagency":"Queens Public Library","overabbrev":"QPL","overlevel":"City","capacity":0,"captype":null,"boro":"QUEENS","bin":4298240,"bbl":4155590025,"latitude":40.6043208898,"longitude":-73.7524735032,"xcoord":1052982.76147,"ycoord":159543.901793,"cd":414,"nta2010":"QN15","nta2020":"QN1401","council":31,"ct2010":"103202","ct2020":"103202","borocode":4,"schooldist":"27","policeprct":101,"datasource":"qpl_libraries","uid":"d2183bde2e42ab194f390d4a9e0c9b98","count":1},"geometry":{"type":"Point","coordinates":[-73.752474,40.604321]}},{"type":"Feature","properties":{"facname":"RIDGEWOOD","addressnum":"2012","streetname":"MADISON STREET","address":"2012 MADISON STREET","city":"RIDGEWOOD","zipcode":"11385","factype":"PUBLIC LIBRARY","facsubgrp":"PUBLIC LIBRARIES","facgroup":"LIBRARIES","facdomain":"LIBRARIES AND CULTURAL PROGRAMS","servarea":"Local","opname":"Queens Public Library","opabbrev":"Public","optype":"Public","overagency":"Queens Public Library","overabbrev":"QPL","overlevel":"City","capacity":0,"captype":null,"boro":"QUEENS","bin":4083512,"bbl":4034910001,"latitude":40.7051794633,"longitude":-73.9025728831,"xcoord":1011262.56728,"ycoord":196207.393985,"cd":405,"nta2010":"QN20","nta2020":"QN0502","council":30,"ct2010":"058900","ct2020":"058900","borocode":4,"schooldist":"24","policeprct":104,"datasource":"qpl_libraries","uid":"d448f6f59bb9999c62a545cb22e2c468","count":1},"geometry":{"type":"Point","coordinates":[-73.902573,40.705179]}},{"type":"Feature","properties":{"facname":"BELLEROSE","addressnum":"250-06","streetname":"HILLSIDE AVENUE","address":"250-06 HILLSIDE AVENUE","city":"BELLEROSE","zipcode":"11426","factype":"PUBLIC LIBRARY","facsubgrp":"PUBLIC LIBRARIES","facgroup":"LIBRARIES","facdomain":"LIBRARIES AND CULTURAL PROGRAMS","servarea":"Local","opname":"Queens Public Library","opabbrev":"Public","optype":"Public","overagency":"Queens Public Library","overabbrev":"QPL","overlevel":"City","capacity":0,"captype":null,"boro":"QUEENS","bin":4175514,"bbl":4086040085,"latitude":40.7351667229,"longitude":-73.717097882,"xcoord":1062651.81881,"ycoord":207244.254152,"cd":413,"nta2010":"QN43","nta2020":"QN1302","council":23,"ct2010":"157101","ct2020":"157101","borocode":4,"schooldist":"26","policeprct":105,"datasource":"qpl_libraries","uid":"d3b9a2e70c59ea6c90e3650fbb2a1972","count":1},"geometry":{"type":"Point","coordinates":[-73.717098,40.735167]}},{"type":"Feature","properties":{"facname":"NEW YORK ACADEMY OF MEDICINE","addressnum":"1216","streetname":"FIFTH AVENUE","address":"1216 FIFTH AVENUE","city":"NEW YORK","zipcode":"10029","factype":"SPECIAL LIBRARIES","facsubgrp":"ACADEMIC AND SPECIAL LIBRARIES","facgroup":"LIBRARIES","facdomain":"LIBRARIES AND CULTURAL PROGRAMS","servarea":"Regional","opname":"New York Academy Of Medicine","opabbrev":"Non-public","optype":"Non-public","overagency":"NYC Department of Education","overabbrev":"NYCDOE","overlevel":"City","capacity":0,"captype":null,"boro":"MANHATTAN","bin":1051496,"bbl":1016080069,"latitude":40.7919924955,"longitude":-73.9522193927,"xcoord":997480.36423,"ycoord":227824.761279,"cd":111,"nta2010":"MN33","nta2020":"MN1101","council":8,"ct2010":"016800","ct2020":"016800","borocode":1,"schooldist":"04","policeprct":23,"datasource":"nysed_activeinstitutions","uid":"d4cea514e11e4a4fdb896e1c0f586733","count":1},"geometry":{"type":"Point","coordinates":[-73.952219,40.791992]}},{"type":"Feature","properties":{"facname":"BROWER PARK LIBRARY","addressnum":"155","streetname":"BROOKLYN AVENUE","address":"155 BROOKLYN AVENUE","city":"BROOKLYN","zipcode":"11213","factype":"PUBLIC LIBRARY","facsubgrp":"PUBLIC LIBRARIES","facgroup":"LIBRARIES","facdomain":"LIBRARIES AND CULTURAL PROGRAMS","servarea":"Local","opname":"Brooklyn Public Library","opabbrev":"BPL","optype":"Public","overagency":"Brooklyn Public Library","overabbrev":"BPL","overlevel":"City","capacity":0,"captype":null,"boro":"BROOKLYN","bin":3031049,"bbl":3012290001,"latitude":40.6744909815,"longitude":-73.9440049534,"xcoord":999782.292653,"ycoord":185016.624164,"cd":308,"nta2010":"BK61","nta2020":"BK0802","council":36,"ct2010":"034100","ct2020":"034100","borocode":3,"schooldist":"17","policeprct":77,"datasource":"bpl_libraries","uid":"d4fe41f01067df6bdb4816e223c3fa95","count":1},"geometry":{"type":"Point","coordinates":[-73.944005,40.674491]}},{"type":"Feature","properties":{"facname":"RICHMOND HILL","addressnum":"118-14","streetname":"HILLSIDE AVENUE","address":"118-14 HILLSIDE AVENUE","city":"RICHMOND HILL","zipcode":"11418","factype":"PUBLIC LIBRARY","facsubgrp":"PUBLIC LIBRARIES","facgroup":"LIBRARIES","facdomain":"LIBRARIES AND CULTURAL PROGRAMS","servarea":"Local","opname":"Queens Public Library","opabbrev":"Public","optype":"Public","overagency":"Queens Public Library","overabbrev":"QPL","overlevel":"City","capacity":0,"captype":null,"boro":"QUEENS","bin":4193458,"bbl":4092640056,"latitude":40.7007752539,"longitude":-73.8316263391,"xcoord":1030936.21643,"ycoord":194632.655616,"cd":409,"nta2010":"QN54","nta2020":"QN0902","council":29,"ct2010":"013200","ct2020":"013200","borocode":4,"schooldist":"27","policeprct":102,"datasource":"qpl_libraries","uid":"d7ade614339b66f1d1f0a65eefb3acbd","count":1},"geometry":{"type":"Point","coordinates":[-73.831626,40.700775]}},{"type":"Feature","properties":{"facname":"BAYCHESTER LIBRARY","addressnum":"2049","streetname":"ASCH LOOP NORTH","address":"2049 ASCH LOOP NORTH","city":"BRONX","zipcode":"10475","factype":"PUBLIC LIBRARY","facsubgrp":"PUBLIC LIBRARIES","facgroup":"LIBRARIES","facdomain":"LIBRARIES AND CULTURAL PROGRAMS","servarea":"Local","opname":"New York Public Library","opabbrev":"NYPL","optype":"Public","overagency":"New York Public Library","overabbrev":"NYPL","overlevel":"City","capacity":0,"captype":null,"boro":"BRONX","bin":2097466,"bbl":2051410100,"latitude":40.8702860682,"longitude":-73.8286119331,"xcoord":1031651.20862,"ycoord":256392.757914,"cd":210,"nta2010":"BX13","nta2020":"BX1004","council":12,"ct2010":"046201","ct2020":"046205","borocode":2,"schooldist":"11","policeprct":45,"datasource":"nypl_libraries","uid":"d7b6a850541d90d0f27a92bb7cb2d031","count":1},"geometry":{"type":"Point","coordinates":[-73.828612,40.870286]}},{"type":"Feature","properties":{"facname":"ST. ALBANS","addressnum":"191-05","streetname":"LINDEN BOULEVARD","address":"191-05 LINDEN BOULEVARD","city":"SAINT ALBANS","zipcode":"11412","factype":"PUBLIC LIBRARY","facsubgrp":"PUBLIC LIBRARIES","facgroup":"LIBRARIES","facdomain":"LIBRARIES AND CULTURAL PROGRAMS","servarea":"Local","opname":"Queens Public Library","opabbrev":"Public","optype":"Public","overagency":"Queens Public Library","overabbrev":"QPL","overlevel":"City","capacity":0,"captype":null,"boro":"QUEENS","bin":4238275,"bbl":4110620024,"latitude":40.692534076,"longitude":-73.7601095876,"xcoord":1050774.37803,"ycoord":191676.372698,"cd":412,"nta2010":"QN08","nta2020":"QN1205","council":27,"ct2010":"052800","ct2020":"052800","borocode":4,"schooldist":"29","policeprct":113,"datasource":"qpl_libraries","uid":"d96e509e5c4918bee38458129fd5a342","count":1},"geometry":{"type":"Point","coordinates":[-73.76011,40.692534]}},{"type":"Feature","properties":{"facname":"CITY ISLAND LIBRARY","addressnum":"320","streetname":"CITY ISLAND AVENUE","address":"320 CITY ISLAND AVENUE","city":"BRONX","zipcode":"10464","factype":"PUBLIC LIBRARY","facsubgrp":"PUBLIC LIBRARIES","facgroup":"LIBRARIES","facdomain":"LIBRARIES AND CULTURAL PROGRAMS","servarea":"Local","opname":"New York Public Library","opabbrev":"NYPL","optype":"Public","overagency":"New York Public Library","overabbrev":"NYPL","overlevel":"City","capacity":0,"captype":null,"boro":"BRONX","bin":2122890,"bbl":2056440010,"latitude":40.8477591237,"longitude":-73.7864096459,"xcoord":1043343.18791,"ycoord":248210.995902,"cd":210,"nta2010":"BX10","nta2020":"BX1003","council":13,"ct2010":"051600","ct2020":"051601","borocode":2,"schooldist":"11","policeprct":45,"datasource":"nypl_libraries","uid":"d9cf3116e074431edffa31e522158e25","count":1},"geometry":{"type":"Point","coordinates":[-73.78641,40.847759]}},{"type":"Feature","properties":{"facname":"NEW LOTS LIBRARY","addressnum":null,"streetname":null,"address":null,"city":"BROOKLYN","zipcode":"11207","factype":"PUBLIC LIBRARY","facsubgrp":"PUBLIC LIBRARIES","facgroup":"LIBRARIES","facdomain":"LIBRARIES AND CULTURAL PROGRAMS","servarea":"Local","opname":"Brooklyn Public Library","opabbrev":"BPL","optype":"Public","overagency":"Brooklyn Public Library","overabbrev":"BPL","overlevel":"City","capacity":0,"captype":null,"boro":"BROOKLYN","bin":3090726,"bbl":3040900001,"latitude":40.6651154,"longitude":-73.8861478,"xcoord":1015835.54218,"ycoord":181616.39562,"cd":305,"nta2010":"BK82","nta2020":"BK0503","council":42,"ct2010":"112400","ct2020":"112400","borocode":3,"schooldist":"19","policeprct":75,"datasource":"bpl_libraries","uid":"daeb58812a79dff5ee16d40ac50c1548","count":1},"geometry":{"type":"Point","coordinates":[-73.886148,40.665115]}},{"type":"Feature","properties":{"facname":"FLUSHING","addressnum":"41-17","streetname":"MAIN STREET","address":"41-17 MAIN STREET","city":"FLUSHING","zipcode":"11355","factype":"PUBLIC LIBRARY","facsubgrp":"PUBLIC LIBRARIES","facgroup":"LIBRARIES","facdomain":"LIBRARIES AND CULTURAL PROGRAMS","servarea":"Local","opname":"Queens Public Library","opabbrev":"Public","optype":"Public","overagency":"Queens Public Library","overabbrev":"QPL","overlevel":"City","capacity":0,"captype":null,"boro":"QUEENS","bin":4114282,"bbl":4050430011,"latitude":40.7577906006,"longitude":-73.828877909,"xcoord":1031657.71391,"ycoord":215406.560733,"cd":407,"nta2010":"QN22","nta2020":"QN0707","council":20,"ct2010":"085300","ct2020":"085300","borocode":4,"schooldist":"25","policeprct":109,"datasource":"qpl_libraries","uid":"dbb5f624009aa7f2a05acef2057f63cd","count":1},"geometry":{"type":"Point","coordinates":[-73.828878,40.757791]}},{"type":"Feature","properties":{"facname":"GLENDALE","addressnum":"78-60","streetname":"73 PLACE","address":"78-60 73 PLACE","city":"RIDGEWOOD","zipcode":"11385","factype":"PUBLIC LIBRARY","facsubgrp":"PUBLIC LIBRARIES","facgroup":"LIBRARIES","facdomain":"LIBRARIES AND CULTURAL PROGRAMS","servarea":"Local","opname":"Queens Public Library","opabbrev":"Public","optype":"Public","overagency":"Queens Public Library","overabbrev":"QPL","overlevel":"City","capacity":0,"captype":null,"boro":"QUEENS","bin":4090100,"bbl":4036960047,"latitude":40.70258055,"longitude":-73.8757991131,"xcoord":1018687.18016,"ycoord":195269.923804,"cd":405,"nta2010":"QN19","nta2020":"QN0503","council":32,"ct2010":"062300","ct2020":"062300","borocode":4,"schooldist":"24","policeprct":104,"datasource":"qpl_libraries","uid":"dbfccb32b4d0fb31258288a6a94dbd34","count":1},"geometry":{"type":"Point","coordinates":[-73.875799,40.702581]}},{"type":"Feature","properties":{"facname":"SUNNYSIDE","addressnum":"43-06","streetname":"GREENPOINT AVENUE","address":"43-06 GREENPOINT AVENUE","city":"SUNNYSIDE","zipcode":"11104","factype":"PUBLIC LIBRARY","facsubgrp":"PUBLIC LIBRARIES","facgroup":"LIBRARIES","facdomain":"LIBRARIES AND CULTURAL PROGRAMS","servarea":"Local","opname":"Queens Public Library","opabbrev":"Public","optype":"Public","overagency":"Queens Public Library","overabbrev":"QPL","overlevel":"City","capacity":0,"captype":null,"boro":"QUEENS","bin":4002111,"bbl":4001730016,"latitude":40.7408121251,"longitude":-73.9216709311,"xcoord":1005955.85028,"ycoord":209184.154651,"cd":402,"nta2010":"QN31","nta2020":"QN0202","council":26,"ct2010":"018502","ct2020":"018502","borocode":4,"schooldist":"24","policeprct":108,"datasource":"qpl_libraries","uid":"dce8f73f0a7198334a93ab5f8806e200","count":1},"geometry":{"type":"Point","coordinates":[-73.921671,40.740812]}},{"type":"Feature","properties":{"facname":"WALT WHITMAN LIBRARY","addressnum":"93","streetname":"SAINT EDWARDS STREET","address":"93 SAINT EDWARDS STREET","city":"BROOKLYN","zipcode":"11205","factype":"PUBLIC LIBRARY","facsubgrp":"PUBLIC LIBRARIES","facgroup":"LIBRARIES","facdomain":"LIBRARIES AND CULTURAL PROGRAMS","servarea":"Local","opname":"Brooklyn Public Library","opabbrev":"BPL","optype":"Public","overagency":"Brooklyn Public Library","overabbrev":"BPL","overlevel":"City","capacity":0,"captype":null,"boro":"BROOKLYN","bin":3058036,"bbl":3020390001,"latitude":40.6944941379,"longitude":-73.9777371602,"xcoord":990423.568384,"ycoord":192300.174844,"cd":302,"nta2010":"BK68","nta2020":"BK0203","council":35,"ct2010":"002901","ct2020":"002901","borocode":3,"schooldist":"13","policeprct":88,"datasource":"bpl_libraries","uid":"de039fad2d6ce32281223dc53764a85d","count":1},"geometry":{"type":"Point","coordinates":[-73.977737,40.694494]}},{"type":"Feature","properties":{"facname":"53RD STREET LIBRARY","addressnum":"18","streetname":"WEST 53 STREET","address":"18 WEST 53 STREET","city":"NEW YORK","zipcode":"10103","factype":"PUBLIC LIBRARY","facsubgrp":"PUBLIC LIBRARIES","facgroup":"LIBRARIES","facdomain":"LIBRARIES AND CULTURAL PROGRAMS","servarea":"Local","opname":"New York Public Library","opabbrev":"NYPL","optype":"Public","overagency":"New York Public Library","overabbrev":"NYPL","overlevel":"City","capacity":0,"captype":null,"boro":"MANHATTAN","bin":1089376,"bbl":1012687503,"latitude":40.7608259705,"longitude":-73.9773472093,"xcoord":990525.453658,"ycoord":216466.950961,"cd":105,"nta2010":"MN17","nta2020":"MN0502","council":4,"ct2010":"010400","ct2020":"010400","borocode":1,"schooldist":"02","policeprct":18,"datasource":"nypl_libraries","uid":"de1e828b7f0c16b0f7cda8f9b58c0387","count":1},"geometry":{"type":"Point","coordinates":[-73.977347,40.760826]}},{"type":"Feature","properties":{"facname":"KINGS BAY LIBRARY","addressnum":null,"streetname":null,"address":"3650 NOSTRAND AVE. (NEAR AVE. W) BROOKLYN, NY 11229","city":"BROOKLYN","zipcode":"11229","factype":"PUBLIC LIBRARY","facsubgrp":"PUBLIC LIBRARIES","facgroup":"LIBRARIES","facdomain":"LIBRARIES AND CULTURAL PROGRAMS","servarea":"Local","opname":"Brooklyn Public Library","opabbrev":"BPL","optype":"Public","overagency":"Brooklyn Public Library","overabbrev":"BPL","overlevel":"City","capacity":0,"captype":null,"boro":"BROOKLYN","bin":3202630,"bbl":3074050920,"latitude":40.5947871,"longitude":-73.9411462,"xcoord":1000594.78318,"ycoord":155978.878526,"cd":315,"nta2010":"BK17","nta2020":"BK1503","council":48,"ct2010":"059402","ct2020":"059402","borocode":3,"schooldist":"22","policeprct":61,"datasource":"bpl_libraries","uid":"de639cb6b64f3c383a4c08a70d03285f","count":1},"geometry":{"type":"Point","coordinates":[-73.941146,40.594787]}},{"type":"Feature","properties":{"facname":"NYU TAMIMENT LIBRARY","addressnum":"70","streetname":"WASHINGTON SQUARE SOUTH","address":"70 WASHINGTON SQUARE SOUTH","city":"NEW YORK","zipcode":"10012","factype":"ACADEMIC LIBRARIES","facsubgrp":"ACADEMIC AND SPECIAL LIBRARIES","facgroup":"LIBRARIES","facdomain":"LIBRARIES AND CULTURAL PROGRAMS","servarea":"Regional","opname":"Nyu Tamiment Library","opabbrev":"Non-public","optype":"Non-public","overagency":"NYC Department of Education","overabbrev":"NYCDOE","overlevel":"City","capacity":0,"captype":null,"boro":"MANHATTAN","bin":1008626,"bbl":1005350008,"latitude":40.7294368916,"longitude":-73.9972167715,"xcoord":985021.395151,"ycoord":205030.106955,"cd":102,"nta2010":"MN23","nta2020":"MN0202","council":2,"ct2010":"005501","ct2020":"005501","borocode":1,"schooldist":"02","policeprct":6,"datasource":"nysed_activeinstitutions","uid":"e1d41092cda8c16bc956683163eb2192","count":1},"geometry":{"type":"Point","coordinates":[-73.997217,40.729437]}},{"type":"Feature","properties":{"facname":"AGUILAR LIBRARY","addressnum":"174","streetname":"EAST 110 STREET","address":"174 EAST 110 STREET","city":"NEW YORK","zipcode":"10029","factype":"PUBLIC LIBRARY","facsubgrp":"PUBLIC LIBRARIES","facgroup":"LIBRARIES","facdomain":"LIBRARIES AND CULTURAL PROGRAMS","servarea":"Local","opname":"New York Public Library","opabbrev":"NYPL","optype":"Public","overagency":"New York Public Library","overabbrev":"NYPL","overlevel":"City","capacity":0,"captype":null,"boro":"MANHATTAN","bin":1052167,"bbl":1016370141,"latitude":40.794187916,"longitude":-73.9434695702,"xcoord":999902.65783,"ycoord":228626.071254,"cd":111,"nta2010":"MN33","nta2020":"MN1101","council":8,"ct2010":"017200","ct2020":"017200","borocode":1,"schooldist":"04","policeprct":23,"datasource":"nypl_libraries","uid":"e31111812ca778f03c5e70e5faadd7cb","count":1},"geometry":{"type":"Point","coordinates":[-73.94347,40.794188]}},{"type":"Feature","properties":{"facname":"NY GENEALOGICAL & BIOGRAPHICAL SOC","addressnum":"122","streetname":"EAST 58 STREET","address":"122 EAST 58 STREET","city":"NEW YORK","zipcode":"10022","factype":"SPECIAL LIBRARIES","facsubgrp":"ACADEMIC AND SPECIAL LIBRARIES","facgroup":"LIBRARIES","facdomain":"LIBRARIES AND CULTURAL PROGRAMS","servarea":"Regional","opname":"Ny Genealogical & Biographical Soc","opabbrev":"Non-public","optype":"Non-public","overagency":"NYC Department of Education","overabbrev":"NYCDOE","overlevel":"City","capacity":0,"captype":null,"boro":"MANHATTAN","bin":1036920,"bbl":1013120063,"latitude":40.7616658457,"longitude":-73.969481311,"xcoord":992704.419788,"ycoord":216773.606363,"cd":105,"nta2010":"MN19","nta2020":"MN0604","council":4,"ct2010":"011203","ct2020":"011203","borocode":1,"schooldist":"02","policeprct":18,"datasource":"nysed_activeinstitutions","uid":"e491df5fe972293cdf18220a1f01c74b","count":1},"geometry":{"type":"Point","coordinates":[-73.969481,40.761666]}},{"type":"Feature","properties":{"facname":"JEFFERSON MARKET LIBRARY","addressnum":"425","streetname":"AVENUE OF THE AMERICAS","address":"425 AVENUE OF THE AMERICAS","city":"NEW YORK","zipcode":"10011","factype":"PUBLIC LIBRARY","facsubgrp":"PUBLIC LIBRARIES","facgroup":"LIBRARIES","facdomain":"LIBRARIES AND CULTURAL PROGRAMS","servarea":"Local","opname":"New York Public Library","opabbrev":"NYPL","optype":"Public","overagency":"New York Public Library","overabbrev":"NYPL","overlevel":"City","capacity":0,"captype":null,"boro":"MANHATTAN","bin":1082668,"bbl":1006060001,"latitude":40.7346129327,"longitude":-73.9991683476,"xcoord":984480.481535,"ycoord":206915.889541,"cd":102,"nta2010":"MN23","nta2020":"MN0203","council":3,"ct2010":"007100","ct2020":"007100","borocode":1,"schooldist":"02","policeprct":6,"datasource":"nypl_libraries","uid":"e4f6f7986c136e0d74ffbb4cb725e51f","count":1},"geometry":{"type":"Point","coordinates":[-73.999168,40.734613]}},{"type":"Feature","properties":{"facname":"MEDICAL LIBRARY CTR OF NEW YORK","addressnum":"5","streetname":"EAST 102 STREET","address":"5 EAST 102 STREET","city":"NEW YORK","zipcode":"10029","factype":"SPECIAL LIBRARIES","facsubgrp":"ACADEMIC AND SPECIAL LIBRARIES","facgroup":"LIBRARIES","facdomain":"LIBRARIES AND CULTURAL PROGRAMS","servarea":"Regional","opname":"Medical Library Ctr Of New York","opabbrev":"Non-public","optype":"Non-public","overagency":"NYC Department of Education","overabbrev":"NYCDOE","overlevel":"City","capacity":0,"captype":null,"boro":"MANHATTAN","bin":1051492,"bbl":1016080005,"latitude":40.7915927265,"longitude":-73.9520608029,"xcoord":997524.357147,"ycoord":227679.135666,"cd":111,"nta2010":"MN33","nta2020":"MN1101","council":8,"ct2010":"016800","ct2020":"016800","borocode":1,"schooldist":"04","policeprct":23,"datasource":"nysed_activeinstitutions","uid":"e5bd94e10930eef17786cb612f4d0c2d","count":1},"geometry":{"type":"Point","coordinates":[-73.952061,40.791593]}},{"type":"Feature","properties":{"facname":"MORRIS PARK LIBRARY","addressnum":"985","streetname":"MORRIS PARK AVENUE","address":"985 MORRIS PARK AVENUE","city":"BRONX","zipcode":"10462","factype":"PUBLIC LIBRARY","facsubgrp":"PUBLIC LIBRARIES","facgroup":"LIBRARIES","facdomain":"LIBRARIES AND CULTURAL PROGRAMS","servarea":"Local","opname":"New York Public Library","opabbrev":"NYPL","optype":"Public","overagency":"New York Public Library","overabbrev":"NYPL","overlevel":"City","capacity":0,"captype":null,"boro":"BRONX","bin":2045398,"bbl":2041260040,"latitude":40.8480693405,"longitude":-73.8569779971,"xcoord":1023819.16187,"ycoord":248284.278188,"cd":211,"nta2010":"BX37","nta2020":"BX1102","council":13,"ct2010":"025200","ct2020":"025200","borocode":2,"schooldist":"11","policeprct":49,"datasource":"nypl_libraries","uid":"e5dc16e45a49c1f198513ef6fa41f215","count":1},"geometry":{"type":"Point","coordinates":[-73.856978,40.848069]}},{"type":"Feature","properties":{"facname":"NEW UTRECHT LIBRARY","addressnum":null,"streetname":null,"address":null,"city":"BROOKLYN","zipcode":"11214","factype":"PUBLIC LIBRARY","facsubgrp":"PUBLIC LIBRARIES","facgroup":"LIBRARIES","facdomain":"LIBRARIES AND CULTURAL PROGRAMS","servarea":"Local","opname":"Brooklyn Public Library","opabbrev":"BPL","optype":"Public","overagency":"Brooklyn Public Library","overabbrev":"BPL","overlevel":"City","capacity":0,"captype":null,"boro":"BROOKLYN","bin":3165745,"bbl":3063430064,"latitude":40.6080187,"longitude":-74.0033411,"xcoord":983322.29885,"ycoord":160794.016971,"cd":311,"nta2010":"BK27","nta2020":"BK1102","council":38,"ct2010":"017800","ct2020":"017800","borocode":3,"schooldist":"20","policeprct":62,"datasource":"bpl_libraries","uid":"e5efff4c23c54b6960b5ea46ce37827e","count":1},"geometry":{"type":"Point","coordinates":[-74.003341,40.608019]}},{"type":"Feature","properties":{"facname":"COLUMBUS LIBRARY","addressnum":"742","streetname":"10 AVENUE","address":"742 10 AVENUE","city":"NEW YORK","zipcode":"10019","factype":"PUBLIC LIBRARY","facsubgrp":"PUBLIC LIBRARIES","facgroup":"LIBRARIES","facdomain":"LIBRARIES AND CULTURAL PROGRAMS","servarea":"Local","opname":"New York Public Library","opabbrev":"NYPL","optype":"Public","overagency":"New York Public Library","overabbrev":"NYPL","overlevel":"City","capacity":0,"captype":null,"boro":"MANHATTAN","bin":1026706,"bbl":1010600063,"latitude":40.7649400611,"longitude":-73.9912114486,"xcoord":986684.523045,"ycoord":217965.160212,"cd":104,"nta2010":"MN15","nta2020":"MN0402","council":3,"ct2010":"013300","ct2020":"013300","borocode":1,"schooldist":"02","policeprct":18,"datasource":"nypl_libraries","uid":"e6372bc7973503e781d63c6d98d8fac3","count":1},"geometry":{"type":"Point","coordinates":[-73.991211,40.76494]}},{"type":"Feature","properties":{"facname":"QUEENS VILLAGE","addressnum":"94-11","streetname":"217 STREET","address":"94-11 217 STREET","city":"QUEENS VILLAGE","zipcode":"11428","factype":"PUBLIC LIBRARY","facsubgrp":"PUBLIC LIBRARIES","facgroup":"LIBRARIES","facdomain":"LIBRARIES AND CULTURAL PROGRAMS","servarea":"Local","opname":"Queens Public Library","opabbrev":"Public","optype":"Public","overagency":"Queens Public Library","overabbrev":"QPL","overlevel":"City","capacity":0,"captype":null,"boro":"QUEENS","bin":4226761,"bbl":4106210012,"latitude":40.7198929945,"longitude":-73.7390468024,"xcoord":1056585.62094,"ycoord":201660.702239,"cd":413,"nta2010":"QN34","nta2020":"QN1303","council":23,"ct2010":"056600","ct2020":"056600","borocode":4,"schooldist":"29","policeprct":105,"datasource":"qpl_libraries","uid":"e716cd785e170e86bf35d40c820f042c","count":1},"geometry":{"type":"Point","coordinates":[-73.739047,40.719893]}},{"type":"Feature","properties":{"facname":"FOREST HILLS","addressnum":"108-19","streetname":"71 AVENUE","address":"108-19 71 AVENUE","city":"FOREST HILLS","zipcode":"11375","factype":"PUBLIC LIBRARY","facsubgrp":"PUBLIC LIBRARIES","facgroup":"LIBRARIES","facdomain":"LIBRARIES AND CULTURAL PROGRAMS","servarea":"Local","opname":"Queens Public Library","opabbrev":"Public","optype":"Public","overagency":"Queens Public Library","overabbrev":"QPL","overlevel":"City","capacity":0,"captype":null,"boro":"QUEENS","bin":4052345,"bbl":4022230054,"latitude":40.7221495973,"longitude":-73.8430473293,"xcoord":1027755.48415,"ycoord":202414.083188,"cd":406,"nta2010":"QN17","nta2020":"QN0602","council":29,"ct2010":"073900","ct2020":"073900","borocode":4,"schooldist":"28","policeprct":112,"datasource":"qpl_libraries","uid":"e78ec986859cff1b5e5dfdcc91496723","count":1},"geometry":{"type":"Point","coordinates":[-73.843047,40.72215]}},{"type":"Feature","properties":{"facname":"RAVENSWOOD","addressnum":"35-32","streetname":"21 STREET","address":"35-32 21 STREET","city":"ASTORIA","zipcode":"11106","factype":"NYCHA COMMUNITY CENTER - LIBRARY","facsubgrp":"PUBLIC LIBRARIES","facgroup":"LIBRARIES","facdomain":"LIBRARIES AND CULTURAL PROGRAMS","servarea":"Local","opname":"NYC Housing Authority","opabbrev":"NYCHA","optype":"Public","overagency":"NYC Housing Authority","overabbrev":"NYCHA","overlevel":"City","capacity":0,"captype":null,"boro":"QUEENS","bin":4430693,"bbl":4003320002,"latitude":40.7605127784,"longitude":-73.9366608937,"xcoord":1001796.77697,"ycoord":216358.377188,"cd":401,"nta2010":"QN68","nta2020":"QN0105","council":26,"ct2010":"004300","ct2020":"004300","borocode":4,"schooldist":"30","policeprct":114,"datasource":"nycha_communitycenters","uid":"e7b536f1ef4273c73263ac17c56e5f45","count":1},"geometry":{"type":"Point","coordinates":[-73.936661,40.760513]}},{"type":"Feature","properties":{"facname":"SEASIDE","addressnum":"116-15","streetname":"ROCKAWAY BEACH BOULEVARD","address":"116-15 ROCKAWAY BEACH BOULEVARD","city":"FAR ROCKAWAY","zipcode":"11694","factype":"PUBLIC LIBRARY","facsubgrp":"PUBLIC LIBRARIES","facgroup":"LIBRARIES","facdomain":"LIBRARIES AND CULTURAL PROGRAMS","servarea":"Local","opname":"Queens Public Library","opabbrev":"Public","optype":"Public","overagency":"Queens Public Library","overabbrev":"QPL","overlevel":"City","capacity":0,"captype":null,"boro":"QUEENS","bin":4304786,"bbl":4162260001,"latitude":40.5793964366,"longitude":-73.8377353189,"xcoord":1029324.252,"ycoord":150407.929406,"cd":414,"nta2010":"QN10","nta2020":"QN1403","council":32,"ct2010":"093402","ct2020":"093402","borocode":4,"schooldist":"27","policeprct":100,"datasource":"qpl_libraries","uid":"e89d6125cc69fad2be5fd62dc345637e","count":1},"geometry":{"type":"Point","coordinates":[-73.837735,40.579396]}},{"type":"Feature","properties":{"facname":"SEDGWICK LIBRARY","addressnum":"1701","streetname":"DR MARTIN LUTHER KING JR BLVD","address":"1701 DR MARTIN LUTHER KING JR BLVD","city":"BRONX","zipcode":"10453","factype":"PUBLIC LIBRARY","facsubgrp":"PUBLIC LIBRARIES","facgroup":"LIBRARIES","facdomain":"LIBRARIES AND CULTURAL PROGRAMS","servarea":"Local","opname":"New York Public Library","opabbrev":"NYPL","optype":"Public","overagency":"New York Public Library","overabbrev":"NYPL","overlevel":"City","capacity":0,"captype":null,"boro":"BRONX","bin":2100281,"bbl":2028780224,"latitude":40.8495022562,"longitude":-73.9175828714,"xcoord":1007051.43861,"ycoord":248784.767488,"cd":205,"nta2010":"BX36","nta2020":"BX0501","council":14,"ct2010":"021501","ct2020":"021501","borocode":2,"schooldist":"09","policeprct":46,"datasource":"nypl_libraries","uid":"e99e623effd50be94c01940ce9038f69","count":1},"geometry":{"type":"Point","coordinates":[-73.917583,40.849502]}},{"type":"Feature","properties":{"facname":"BELMONT LIBRARY AND ENRICO FERMI CULTURAL CENTER","addressnum":"610","streetname":"EAST 186 STREET","address":"610 EAST 186 STREET","city":"BRONX","zipcode":"10458","factype":"PUBLIC LIBRARY","facsubgrp":"PUBLIC LIBRARIES","facgroup":"LIBRARIES","facdomain":"LIBRARIES AND CULTURAL PROGRAMS","servarea":"Local","opname":"New York Public Library","opabbrev":"NYPL","optype":"Public","overagency":"New York Public Library","overabbrev":"NYPL","overlevel":"City","capacity":0,"captype":null,"boro":"BRONX","bin":2012129,"bbl":2030730020,"latitude":40.8543523252,"longitude":-73.8878943674,"xcoord":1015262.76444,"ycoord":250560.950793,"cd":206,"nta2010":"BX06","nta2020":"BX0603","council":15,"ct2010":"039100","ct2020":"039100","borocode":2,"schooldist":"10","policeprct":48,"datasource":"nypl_libraries","uid":"e9af454dd8d5e239a1027e70e6aa249b","count":1},"geometry":{"type":"Point","coordinates":[-73.887894,40.854352]}},{"type":"Feature","properties":{"facname":"MEDIA ALLIANCE INC","addressnum":"356","streetname":"WEST 58 STREET","address":"356 WEST 58 STREET","city":"NEW YORK","zipcode":"10019","factype":"SPECIAL LIBRARIES","facsubgrp":"ACADEMIC AND SPECIAL LIBRARIES","facgroup":"LIBRARIES","facdomain":"LIBRARIES AND CULTURAL PROGRAMS","servarea":"Regional","opname":"Media Alliance Inc","opabbrev":"Non-public","optype":"Non-public","overagency":"NYC Department of Education","overabbrev":"NYCDOE","overlevel":"City","capacity":0,"captype":null,"boro":"MANHATTAN","bin":1026058,"bbl":1010487501,"latitude":40.7679837022,"longitude":-73.9845740071,"xcoord":988522.970271,"ycoord":219074.313492,"cd":104,"nta2010":"MN15","nta2020":"MN0402","council":6,"ct2010":"013900","ct2020":"013900","borocode":1,"schooldist":"02","policeprct":18,"datasource":"nysed_activeinstitutions","uid":"e9de8394fa0dacd7ac709b50fb56bbff","count":1},"geometry":{"type":"Point","coordinates":[-73.984574,40.767984]}},{"type":"Feature","properties":{"facname":"CENTRAL LIBRARY","addressnum":"89-11","streetname":"MERRICK BOULEVARD","address":"89-11 MERRICK BOULEVARD","city":"JAMAICA","zipcode":"11432","factype":"PUBLIC LIBRARY","facsubgrp":"PUBLIC LIBRARIES","facgroup":"LIBRARIES","facdomain":"LIBRARIES AND CULTURAL PROGRAMS","servarea":"Local","opname":"Queens Public Library","opabbrev":"Public","optype":"Public","overagency":"Queens Public Library","overabbrev":"QPL","overlevel":"City","capacity":0,"captype":null,"boro":"QUEENS","bin":4209635,"bbl":4097980006,"latitude":40.7078052723,"longitude":-73.7946441704,"xcoord":1041184.51576,"ycoord":197215.769568,"cd":412,"nta2010":"QN61","nta2020":"QN1201","council":27,"ct2010":"046000","ct2020":"046000","borocode":4,"schooldist":"28","policeprct":103,"datasource":"qpl_libraries","uid":"ea4707f2c351ea6a775d753ba2481c8d","count":1},"geometry":{"type":"Point","coordinates":[-73.794644,40.707805]}},{"type":"Feature","properties":{"facname":"NEW YORK UNIVERSITY LIBRARIES","addressnum":null,"streetname":null,"address":"ELMER H BOBST LIBRARY","city":"NEW YORK","zipcode":"10012","factype":"ACADEMIC LIBRARIES","facsubgrp":"ACADEMIC AND SPECIAL LIBRARIES","facgroup":"LIBRARIES","facdomain":"LIBRARIES AND CULTURAL PROGRAMS","servarea":"Regional","opname":"New York University Libraries","opabbrev":"Non-public","optype":"Non-public","overagency":"NYC Department of Education","overabbrev":"NYCDOE","overlevel":"City","capacity":0,"captype":null,"boro":"MANHATTAN","bin":1008626,"bbl":1005350008,"latitude":40.7294899346,"longitude":-73.9972596293,"xcoord":985009.516141,"ycoord":205049.431801,"cd":102,"nta2010":"MN23","nta2020":"MN0202","council":2,"ct2010":"005501","ct2020":"005501","borocode":1,"schooldist":"02","policeprct":6,"datasource":"nysed_activeinstitutions","uid":"ea673e0d9a67ace2f29ac7d10ad9912a","count":1},"geometry":{"type":"Point","coordinates":[-73.99726,40.72949]}},{"type":"Feature","properties":{"facname":"96TH STREET LIBRARY","addressnum":"112","streetname":"EAST 96 STREET","address":"112 EAST 96 STREET","city":"NEW YORK","zipcode":"10128","factype":"PUBLIC LIBRARY","facsubgrp":"PUBLIC LIBRARIES","facgroup":"LIBRARIES","facdomain":"LIBRARIES AND CULTURAL PROGRAMS","servarea":"Local","opname":"New York Public Library","opabbrev":"NYPL","optype":"Public","overagency":"New York Public Library","overabbrev":"NYPL","overlevel":"City","capacity":0,"captype":null,"boro":"MANHATTAN","bin":1048501,"bbl":1015240064,"latitude":40.7859659338,"longitude":-73.951809729,"xcoord":997595.00728,"ycoord":225629.140376,"cd":108,"nta2010":"MN40","nta2020":"MN0802","council":5,"ct2010":"015801","ct2020":"015801","borocode":1,"schooldist":"02","policeprct":19,"datasource":"nypl_libraries","uid":"eaf0d2b6f328adf71b3caadf496ef1a8","count":1},"geometry":{"type":"Point","coordinates":[-73.95181,40.785966]}},{"type":"Feature","properties":{"facname":"RIVERSIDE LIBRARY","addressnum":"127","streetname":"AMSTERDAM AVENUE","address":"127 AMSTERDAM AVENUE","city":"NEW YORK","zipcode":"10023","factype":"PUBLIC LIBRARY","facsubgrp":"PUBLIC LIBRARIES","facgroup":"LIBRARIES","facdomain":"LIBRARIES AND CULTURAL PROGRAMS","servarea":"Local","opname":"New York Public Library","opabbrev":"NYPL","optype":"Public","overagency":"New York Public Library","overabbrev":"NYPL","overlevel":"City","capacity":0,"captype":null,"boro":"MANHATTAN","bin":1077844,"bbl":1011377501,"latitude":40.7742042109,"longitude":-73.9842300502,"xcoord":988617.837675,"ycoord":221340.669148,"cd":107,"nta2010":"MN14","nta2020":"MN0701","council":6,"ct2010":"014900","ct2020":"014900","borocode":1,"schooldist":"03","policeprct":20,"datasource":"nypl_libraries","uid":"eb43596b7587fbf445ce2fd78f1afbbb","count":1},"geometry":{"type":"Point","coordinates":[-73.98423,40.774204]}},{"type":"Feature","properties":{"facname":"SHEEPSHEAD BAY LIBRARY","addressnum":"2636","streetname":"EAST 14 STREET","address":"2636 EAST 14 STREET","city":"BROOKLYN","zipcode":"11235","factype":"PUBLIC LIBRARY","facsubgrp":"PUBLIC LIBRARIES","facgroup":"LIBRARIES","facdomain":"LIBRARIES AND CULTURAL PROGRAMS","servarea":"Local","opname":"Brooklyn Public Library","opabbrev":"BPL","optype":"Public","overagency":"Brooklyn Public Library","overabbrev":"BPL","overlevel":"City","capacity":0,"captype":null,"boro":"BROOKLYN","bin":3204896,"bbl":3074580020,"latitude":40.587008637,"longitude":-73.9554293531,"xcoord":996629.531078,"ycoord":153142.646324,"cd":315,"nta2010":"BK17","nta2020":"BK1503","council":48,"ct2010":"060600","ct2020":"060600","borocode":3,"schooldist":"21","policeprct":61,"datasource":"bpl_libraries","uid":"ec75ee606a92256ce02b03cd98937348","count":1},"geometry":{"type":"Point","coordinates":[-73.955429,40.587009]}},{"type":"Feature","properties":{"facname":"CENTRAL LIBRARY- THE ARCHIVES","addressnum":"89-11","streetname":"MERRICK BOULEVARD","address":"89-11 MERRICK BOULEVARD","city":"JAMAICA","zipcode":"11432","factype":"PUBLIC LIBRARY","facsubgrp":"PUBLIC LIBRARIES","facgroup":"LIBRARIES","facdomain":"LIBRARIES AND CULTURAL PROGRAMS","servarea":"Local","opname":"Queens Public Library","opabbrev":"Public","optype":"Public","overagency":"Queens Public Library","overabbrev":"QPL","overlevel":"City","capacity":0,"captype":null,"boro":"QUEENS","bin":4209635,"bbl":4097980006,"latitude":40.7078052723,"longitude":-73.7946441704,"xcoord":1041184.51576,"ycoord":197215.769568,"cd":412,"nta2010":"QN61","nta2020":"QN1201","council":27,"ct2010":"046000","ct2020":"046000","borocode":4,"schooldist":"28","policeprct":103,"datasource":"qpl_libraries","uid":"ee91008c8d08a13725e693671dc4254f","count":1},"geometry":{"type":"Point","coordinates":[-73.794644,40.707805]}},{"type":"Feature","properties":{"facname":"125TH STREET LIBRARY","addressnum":"224","streetname":"EAST 125 STREET","address":"224 EAST 125 STREET","city":"NEW YORK","zipcode":"10035","factype":"PUBLIC LIBRARY","facsubgrp":"PUBLIC LIBRARIES","facgroup":"LIBRARIES","facdomain":"LIBRARIES AND CULTURAL PROGRAMS","servarea":"Local","opname":"New York Public Library","opabbrev":"NYPL","optype":"Public","overagency":"New York Public Library","overabbrev":"NYPL","overlevel":"City","capacity":0,"captype":null,"boro":"MANHATTAN","bin":1054674,"bbl":1017890037,"latitude":40.8030267103,"longitude":-73.9348530293,"xcoord":1002286.08841,"ycoord":231848.008486,"cd":111,"nta2010":"MN34","nta2020":"MN1102","council":8,"ct2010":"024200","ct2020":"024200","borocode":1,"schooldist":"05","policeprct":25,"datasource":"nypl_libraries","uid":"eec118768e15a5e03d3354abda7b00da","count":1},"geometry":{"type":"Point","coordinates":[-73.934853,40.803027]}},{"type":"Feature","properties":{"facname":"MACON LIBRARY","addressnum":null,"streetname":null,"address":null,"city":"BROOKLYN","zipcode":"11233","factype":"PUBLIC LIBRARY","facsubgrp":"PUBLIC LIBRARIES","facgroup":"LIBRARIES","facdomain":"LIBRARIES AND CULTURAL PROGRAMS","servarea":"Local","opname":"Brooklyn Public Library","opabbrev":"BPL","optype":"Public","overagency":"Brooklyn Public Library","overabbrev":"BPL","overlevel":"City","capacity":0,"captype":null,"boro":"BROOKLYN","bin":3046408,"bbl":3016650001,"latitude":40.6830369,"longitude":-73.9348376,"xcoord":1002322.87989,"ycoord":188131.905863,"cd":303,"nta2010":"BK35","nta2020":"BK0302","council":36,"ct2010":"029500","ct2020":"029500","borocode":3,"schooldist":"16","policeprct":81,"datasource":"bpl_libraries","uid":"f2d05bffc8842405ef3aaae666f8bdeb","count":1},"geometry":{"type":"Point","coordinates":[-73.934838,40.683037]}},{"type":"Feature","properties":{"facname":"GREENPOINT LIBRARY","addressnum":null,"streetname":null,"address":null,"city":"BROOKLYN","zipcode":"11222","factype":"PUBLIC LIBRARY","facsubgrp":"PUBLIC LIBRARIES","facgroup":"LIBRARIES","facdomain":"LIBRARIES AND CULTURAL PROGRAMS","servarea":"Local","opname":"Brooklyn Public Library","opabbrev":"BPL","optype":"Public","overagency":"Brooklyn Public Library","overabbrev":"BPL","overlevel":"City","capacity":0,"captype":null,"boro":"BROOKLYN","bin":3426639,"bbl":3026210032,"latitude":40.726063,"longitude":-73.950631,"xcoord":997933.724866,"ycoord":203804.737147,"cd":301,"nta2010":"BK76","nta2020":"BK0101","council":33,"ct2010":"057300","ct2020":"057300","borocode":3,"schooldist":"14","policeprct":94,"datasource":"bpl_libraries","uid":"f37b211fe9926502d36b07008adb421a","count":1},"geometry":{"type":"Point","coordinates":[-73.950631,40.726063]}},{"type":"Feature","properties":{"facname":"HOLLIS","addressnum":"202-05","streetname":"HILLSIDE AVENUE","address":"202-05 HILLSIDE AVENUE","city":"HOLLIS","zipcode":"11423","factype":"PUBLIC LIBRARY","facsubgrp":"PUBLIC LIBRARIES","facgroup":"LIBRARIES","facdomain":"LIBRARIES AND CULTURAL PROGRAMS","servarea":"Local","opname":"Queens Public Library","opabbrev":"Public","optype":"Public","overagency":"Queens Public Library","overabbrev":"QPL","overlevel":"City","capacity":0,"captype":null,"boro":"QUEENS","bin":4224387,"bbl":4105320120,"latitude":40.7201787776,"longitude":-73.7623046296,"xcoord":1050138.33927,"ycoord":201746.471548,"cd":408,"nta2010":"QN06","nta2020":"QN0804","council":23,"ct2010":"047800","ct2020":"047801","borocode":4,"schooldist":"29","policeprct":107,"datasource":"qpl_libraries","uid":"f3d0443ab17fa2d68b75d8a7768e674a","count":1},"geometry":{"type":"Point","coordinates":[-73.762305,40.720179]}},{"type":"Feature","properties":{"facname":"DONGAN HILLS LIBRARY","addressnum":"1617","streetname":"RICHMOND ROAD","address":"1617 RICHMOND ROAD","city":"STATEN ISLAND","zipcode":"10304","factype":"PUBLIC LIBRARY","facsubgrp":"PUBLIC LIBRARIES","facgroup":"LIBRARIES","facdomain":"LIBRARIES AND CULTURAL PROGRAMS","servarea":"Local","opname":"New York Public Library","opabbrev":"NYPL","optype":"Public","overagency":"New York Public Library","overabbrev":"NYPL","overlevel":"City","capacity":0,"captype":null,"boro":"STATEN ISLAND","bin":5022895,"bbl":5008830008,"latitude":40.5904031548,"longitude":-74.1011398288,"xcoord":956159.768571,"ycoord":154392.421841,"cd":502,"nta2010":"SI24","nta2020":"SI0203","council":50,"ct2010":"018100","ct2020":"018100","borocode":5,"schooldist":"31","policeprct":122,"datasource":"nypl_libraries","uid":"f5d108e6ba1b15a088abc91d26fae19b","count":1},"geometry":{"type":"Point","coordinates":[-74.10114,40.590403]}},{"type":"Feature","properties":{"facname":"DOUGLASTON/LITTLE NECK","addressnum":"249-01","streetname":"NORTHERN BOULEVARD","address":"249-01 NORTHERN BOULEVARD","city":"LITTLE NECK","zipcode":"11362","factype":"PUBLIC LIBRARY","facsubgrp":"PUBLIC LIBRARIES","facgroup":"LIBRARIES","facdomain":"LIBRARIES AND CULTURAL PROGRAMS","servarea":"Local","opname":"Queens Public Library","opabbrev":"Public","optype":"Public","overagency":"Queens Public Library","overabbrev":"QPL","overlevel":"City","capacity":0,"captype":null,"boro":"QUEENS","bin":4169275,"bbl":4081260087,"latitude":40.7682299949,"longitude":-73.7382355256,"xcoord":1056757.87878,"ycoord":219272.006627,"cd":411,"nta2010":"QN45","nta2020":"QN1103","council":19,"ct2010":"147900","ct2020":"147900","borocode":4,"schooldist":"26","policeprct":111,"datasource":"qpl_libraries","uid":"f6ddd552099b1cf5089700c11b94de68","count":1},"geometry":{"type":"Point","coordinates":[-73.738236,40.76823]}},{"type":"Feature","properties":{"facname":"STONE AVENUE LIBRARY","addressnum":"581","streetname":"MOTHER GASTON BOULEVARD","address":"581 MOTHER GASTON BOULEVARD","city":"BROOKLYN","zipcode":"11212","factype":"PUBLIC LIBRARY","facsubgrp":"PUBLIC LIBRARIES","facgroup":"LIBRARIES","facdomain":"LIBRARIES AND CULTURAL PROGRAMS","servarea":"Local","opname":"Brooklyn Public Library","opabbrev":"BPL","optype":"Public","overagency":"Brooklyn Public Library","overabbrev":"BPL","overlevel":"City","capacity":0,"captype":null,"boro":"BROOKLYN","bin":3084596,"bbl":3037940018,"latitude":40.6644731187,"longitude":-73.9052186164,"xcoord":1010545.0604,"ycoord":181376.094005,"cd":316,"nta2010":"BK81","nta2020":"BK1602","council":41,"ct2010":"091000","ct2020":"091000","borocode":3,"schooldist":"23","policeprct":73,"datasource":"bpl_libraries","uid":"f811885d44b446df3fd1b4a8c2b7c3cf","count":1},"geometry":{"type":"Point","coordinates":[-73.905219,40.664473]}},{"type":"Feature","properties":{"facname":"ANDREW HEISKELL BRAILLE AND TALKING BOOK LIBRARY","addressnum":"40","streetname":"WEST 20 STREET","address":"40 WEST 20 STREET","city":"NEW YORK","zipcode":"10011","factype":"PUBLIC LIBRARY","facsubgrp":"PUBLIC LIBRARIES","facgroup":"LIBRARIES","facdomain":"LIBRARIES AND CULTURAL PROGRAMS","servarea":"Local","opname":"New York Public Library","opabbrev":"NYPL","optype":"Public","overagency":"New York Public Library","overabbrev":"NYPL","overlevel":"City","capacity":0,"captype":null,"boro":"MANHATTAN","bin":1076145,"bbl":1008217501,"latitude":40.740474945,"longitude":-73.9933540835,"xcoord":986091.666452,"ycoord":209051.674459,"cd":105,"nta2010":"MN13","nta2020":"MN0501","council":3,"ct2010":"005400","ct2020":"005400","borocode":1,"schooldist":"02","policeprct":13,"datasource":"nypl_libraries","uid":"fa9c9c6a843b8f8f19ee5b47e78409e0","count":1},"geometry":{"type":"Point","coordinates":[-73.993354,40.740475]}},{"type":"Feature","properties":{"facname":"GLEN OAKS","addressnum":"256-04","streetname":"UNION TURNPIKE","address":"256-04 UNION TURNPIKE","city":"GLEN OAKS","zipcode":"11004","factype":"PUBLIC LIBRARY","facsubgrp":"PUBLIC LIBRARIES","facgroup":"LIBRARIES","facdomain":"LIBRARIES AND CULTURAL PROGRAMS","servarea":"Local","opname":"Queens Public Library","opabbrev":"Public","optype":"Public","overagency":"Queens Public Library","overabbrev":"QPL","overlevel":"City","capacity":0,"captype":null,"boro":"QUEENS","bin":4177530,"bbl":4086930010,"latitude":40.7451449545,"longitude":-73.7148458951,"xcoord":1063264.08475,"ycoord":210881.644627,"cd":413,"nta2010":"QN44","nta2020":"QN1301","council":23,"ct2010":"157902","ct2020":"157902","borocode":4,"schooldist":"26","policeprct":105,"datasource":"qpl_libraries","uid":"fc40eaeba09073e3144284db491c0bd7","count":1},"geometry":{"type":"Point","coordinates":[-73.714846,40.745145]}},{"type":"Feature","properties":{"facname":"NY PUBLIC LIBRARY RESEARCH LIBRARIES","addressnum":null,"streetname":null,"address":null,"city":"NEW YORK","zipcode":"10017","factype":"ACADEMIC LIBRARIES","facsubgrp":"ACADEMIC AND SPECIAL LIBRARIES","facgroup":"LIBRARIES","facdomain":"LIBRARIES AND CULTURAL PROGRAMS","servarea":"Regional","opname":"New York Public Library Research Libraries","opabbrev":"Non-public","optype":"Non-public","overagency":"NYC Department of Education","overabbrev":"NYCDOE","overlevel":"City","capacity":0,"captype":null,"boro":"MANHATTAN","bin":0,"bbl":0,"latitude":40.7534730695,"longitude":-73.9808630834,"xcoord":989552.043925,"ycoord":213787.817206,"cd":105,"nta2010":"MN17","nta2020":"MN0502","council":4,"ct2010":"009400","ct2020":"009400","borocode":1,"schooldist":"02","policeprct":14,"datasource":"nysed_activeinstitutions","uid":"febdd780fd3751404b7e977594b8e389","count":1},"geometry":{"type":"Point","coordinates":[-73.980863,40.753473]}},{"type":"Feature","properties":{"facname":"EAST ELMHURST","addressnum":"95-06","streetname":"ASTORIA BOULEVARD","address":"95-06 ASTORIA BOULEVARD","city":"EAST ELMHURST","zipcode":"11369","factype":"PUBLIC LIBRARY","facsubgrp":"PUBLIC LIBRARIES","facgroup":"LIBRARIES","facdomain":"LIBRARIES AND CULTURAL PROGRAMS","servarea":"Local","opname":"Queens Public Library","opabbrev":"Public","optype":"Public","overagency":"Queens Public Library","overabbrev":"QPL","overlevel":"City","capacity":0,"captype":null,"boro":"QUEENS","bin":4437122,"bbl":4013750001,"latitude":40.762426376,"longitude":-73.8738728564,"xcoord":1019189.87888,"ycoord":217074.373926,"cd":403,"nta2010":"QN27","nta2020":"QN0302","council":21,"ct2010":"035300","ct2020":"035300","borocode":4,"schooldist":"30","policeprct":115,"datasource":"qpl_libraries","uid":"feef9430f42edabce6d9dcc1fe45fc4b","count":1},"geometry":{"type":"Point","coordinates":[-73.873873,40.762426]}},{"type":"Feature","properties":{"facname":"HISTORICAL RECORDS NY CNTY CLERK","addressnum":"60","streetname":"CENTRE STREET","address":"60 CENTRE STREET","city":"NEW YORK","zipcode":"10007","factype":"SPECIAL LIBRARIES","facsubgrp":"ACADEMIC AND SPECIAL LIBRARIES","facgroup":"LIBRARIES","facdomain":"LIBRARIES AND CULTURAL PROGRAMS","servarea":"Regional","opname":"Historical Records Ny Cnty Clerk","opabbrev":"Non-public","optype":"Non-public","overagency":"NYC Department of Education","overabbrev":"NYCDOE","overlevel":"City","capacity":0,"captype":null,"boro":"MANHATTAN","bin":1085748,"bbl":1001600021,"latitude":40.7142978092,"longitude":-74.0015585571,"xcoord":983817.934686,"ycoord":199514.464715,"cd":101,"nta2010":"MN27","nta2020":"MN0102","council":1,"ct2010":"002900","ct2020":"002901","borocode":1,"schooldist":"02","policeprct":5,"datasource":"nysed_activeinstitutions","uid":"ff3ea6720de7cddd7661b077fa4f0395","count":1},"geometry":{"type":"Point","coordinates":[-74.001559,40.714298]}},{"type":"Feature","properties":{"facname":"CHARLESTON LIBRARY","addressnum":"225","streetname":"BRICKTOWN WAY","address":"225 BRICKTOWN WAY","city":"STATEN ISLAND","zipcode":"10309","factype":"PUBLIC LIBRARY","facsubgrp":"PUBLIC LIBRARIES","facgroup":"LIBRARIES","facdomain":"LIBRARIES AND CULTURAL PROGRAMS","servarea":"Local","opname":"New York Public Library","opabbrev":"NYPL","optype":"Public","overagency":"New York Public Library","overabbrev":"NYPL","overlevel":"City","capacity":0,"captype":null,"boro":"STATEN ISLAND","bin":5171789,"bbl":5074520050,"latitude":40.5310478142,"longitude":-74.2322919294,"xcoord":919676.747887,"ycoord":132837.229674,"cd":503,"nta2010":"SI11","nta2020":"SI0305","council":51,"ct2010":"022600","ct2020":"022602","borocode":5,"schooldist":"31","policeprct":123,"datasource":"nypl_libraries","uid":"ff7e25654588a2c2b3a2ec994b8ec1c7","count":1},"geometry":{"type":"Point","coordinates":[-74.232292,40.531048]}}],"geometricType":"Point"}